,sj_div,bsns_de,account_id,account_nm,label_kor,label_eng,ifrs_ref,data_tp
0,IS1,20180701,ifrs_IncomeStatementAbstract,IncomeStatementAbstract,손익계산서 [abstract],Income statement [abstract], ,
1,IS1,20180701,ifrs_Revenue,Revenue,수익(매출액),Revenue(Sales),K-IFRS 1001 문단 82 (1),X
2,IS1,20180701,ifrs_RevenueFromSaleOfGoods,RevenueFromSaleOfGoods,재화의 판매로 인한 수익(매출액),Revenue(Saels) from sale of goods,"K-IFRS 1001 문단 82 (1), K-IFRS 1001 문단 85",X
3,IS1,20180701,dart_RevenueFromSaleOfGoodsProduct,RevenueFromSaleOfGoodsProduct,제품매출액,Revenue from sale of goods product,"K-IFRS 1001 문단 82 (1), K-IFRS 1001 문단 85",X
4,IS1,20180701,dart_RevenueFromSaleOfGoodsMerchandise,RevenueFromSaleOfGoodsMerchandise,상품매출액,Revenue from sale of goods merchandise,"K-IFRS 1001 문단 82 (1), K-IFRS 1001 문단 85",X
5,IS1,20180701,dart_RevenueFromSaleOfGoodsRawMaterial,RevenueFromSaleOfGoodsRawMaterial,원재료매출액,Revenue from sale of goods raw material,"K-IFRS 1001 문단 82 (1), K-IFRS 1001 문단 85",X
6,IS1,20180701,dart_RevenueFromSaleOfGoodsFishing,RevenueFromSaleOfGoodsFishing,어획물매출액,Revenue from sale of goods fishing,"K-IFRS 1001 문단 82 (1), K-IFRS 1001 문단 85",X
7,IS1,20180701,dart_RevenueFromSaleOfGoodsTire,RevenueFromSaleOfGoodsTire,타이어매출,Revenue from sale of goods tire,"K-IFRS 1001 문단 82 (1), K-IFRS 1001 문단 85",X
8,IS1,20180701,ifrs_RevenueFromRenderingOfServices,RevenueFromRenderingOfServices,용역의 제공으로 인한 수익(매출액),Revenue(Sales) from rendering of services,"K-IFRS 1001 문단 82 (1), K-IFRS 1001 문단 85",X
9,IS1,20180701,dart_RevenueFromServices,RevenueFromServices,용역매출액,Revenue from services,"K-IFRS 1001 문단 82 (1), K-IFRS 1001 문단 85",X
10,IS1,20180701,dart_RevenueFromRenderingOfServicesGame,RevenueFromRenderingOfServicesGame,게임매출액,Revenue from rendering of services game,"K-IFRS 1001 문단 82 (1), K-IFRS 1001 문단 85",X
11,IS1,20180701,dart_RevenueFromRenderingOfServicesEducation,RevenueFromRenderingOfServicesEducation,교육사업매출액,Revenue from rendering of services education,"K-IFRS 1001 문단 82 (1), K-IFRS 1001 문단 85",X
12,IS1,20180701,dart_RevenueFromRenderingOfServicesFinanceBusiness,RevenueFromRenderingOfServicesFinanceBusiness,금융업매출액,Revenue from rendering of services finance business,"K-IFRS 1001 문단 82 (1), K-IFRS 1001 문단 85",X
13,IS1,20180701,dart_RevenueFromSaleOfGoodsGasRecharge,RevenueFromSaleOfGoodsGasRecharge,가스충전매출액,Revenue from sale of goods gas recharge,"K-IFRS 1001 문단 82 (1), K-IFRS 1001 문단 85",X
14,IS1,20180701,dart_RevenueFromRenderingOfServicesBroadcastBusiness,RevenueFromRenderingOfServicesBroadcastBusiness,방송사업매출액,Revenue from rendering of services broadcast business,"K-IFRS 1001 문단 82 (1), K-IFRS 1001 문단 85",X
15,IS1,20180701,dart_RevenueFromRenderingOfServicesBroadcastProgram,RevenueFromRenderingOfServicesBroadcastProgram,방송프로그램 매출액,Revenue from rendering of services broadcast program,"K-IFRS 1001 문단 82 (1), K-IFRS 1001 문단 85",X
16,IS1,20180701,dart_RevenueFromRenderingOfServicesDistribution,RevenueFromRenderingOfServicesDistribution,물류매출액,Revenue from rendering of services distribution,"K-IFRS 1001 문단 82 (1), K-IFRS 1001 문단 85",X
17,IS1,20180701,dart_RevenueFromRenderingOfServicesRental,RevenueFromRenderingOfServicesRental,임대수익,Revenue from rendering of services rental,"K-IFRS 1001 문단 82 (1), K-IFRS 1001 문단 85",X
18,IS1,20180701,dart_RevenueFromRenderingOfServicesProcession,RevenueFromRenderingOfServicesProcession,임가공매출,Revenue from rendering of services procession,"K-IFRS 1001 문단 82 (1), K-IFRS 1001 문단 85",X
19,IS1,20180701,dart_RevenueFromRenderingOfServicesMovieShow,RevenueFromRenderingOfServicesMovieShow,영화상영수익,Revenue from rendering of services movie show,"K-IFRS 1001 문단 82 (1), K-IFRS 1001 문단 85",X
20,IS1,20180701,dart_RevenueFromSaleOfGoodsFood,RevenueFromSaleOfGoodsFood,외식사업매출액,Revenue from sale of goods food,"K-IFRS 1001 문단 82 (1), K-IFRS 1001 문단 85",X
21,IS1,20180701,dart_RevenueFromRenderingOfServicesTransportation,RevenueFromRenderingOfServicesTransportation,운송매출,Revenue from rendering of services transportation,"K-IFRS 1001 문단 82 (1), K-IFRS 1001 문단 85",X
22,IS1,20180701,dart_RevenueFromRenderingOfServicesMaintenance,RevenueFromRenderingOfServicesMaintenance,정비매출,Revenue from rendering of services maintenance,"K-IFRS 1001 문단 82 (1), K-IFRS 1001 문단 85",X
23,IS1,20180701,dart_RevenueFromRenderingOfServicesCommission,RevenueFromRenderingOfServicesCommission,수수료매출,Revenue from rendering of services commission,"K-IFRS 1001 문단 82 (1), K-IFRS 1001 문단 85",X
24,IS1,20180701,dart_RevenueFromRenderingOfServicesEducationInstitute,RevenueFromRenderingOfServicesEducationInstitute,학원매출,Revenue from rendering of services education institute,"K-IFRS 1001 문단 82 (1), K-IFRS 1001 문단 85",X
25,IS1,20180701,dart_RevenueFromNaturalResourcesExploration,RevenueFromNaturalResourcesExploration,해외자원개발수입,Revenue from natural resources exploration,"K-IFRS 1001 문단 82 (1), K-IFRS 1001 문단 85",X
26,IS1,20180701,dart_RevenueFromHotelService,RevenueFromHotelService,호텔매출액,Revenue from hotel service,"K-IFRS 1001 문단 82 (1), K-IFRS 1001 문단 85",X
27,IS1,20180701,ifrs_RevenueFromConstructionContracts,RevenueFromConstructionContracts,건설계약으로 인한 수익(매출액),Revenue(Sales) from construction contracts,"K-IFRS 1001 문단 82 (1), K-IFRS 1001 문단 85",X
28,IS1,20180701,dart_RevenueFromConstruction,RevenueFromConstruction,공사수익,Revenue from construction,"K-IFRS 1001 문단 82 (1), K-IFRS 1001 문단 85",X
29,IS1,20180701,dart_RevenueFromSaleOfGoodsRealEstate,RevenueFromSaleOfGoodsRealEstate,분양매출(수익),Revenue from sale of goods real estate,"K-IFRS 1001 문단 82 (1), K-IFRS 1001 문단 85",X
30,IS1,20180701,dart_RevenueContributionToConstruction,RevenueContributionToConstruction,공사부담금수익,Revenue contribution to construction,"K-IFRS 1001 문단 82 (1), K-IFRS 1001 문단 85",X
31,IS1,20180701,ifrs_RevenueFromRoyalties,RevenueFromRoyalties,로열티수익(매출액),Revenue(Sales) from royalties,"K-IFRS 1001 문단 82 (1), K-IFRS 1001 문단 85",X
32,IS1,20180701,ifrs_RevenueFromInterest,RevenueFromInterest,이자수익(매출액),Revenue(Sales) from interest,"K-IFRS 1001 문단 82 (1), K-IFRS 1001 문단 85",X
33,IS1,20180701,ifrs_InterestRevenueCalculatedUsingEffectiveInterestMethod,InterestRevenueCalculatedUsingEffectiveInterestMethod,유효이자율법 계산 이자수익,Interest revenue calculated using effective interest method,K-IFRS 1001 문단 82 (1),X
34,IS1,20180701,ifrs_RevenueFromDividends,RevenueFromDividends,배당수익(매출액),Revenue(Sales) from dividends,"K-IFRS 1001 문단 82 (1), K-IFRS 1001 문단 85",X
35,IS1,20180701,dart_RevenueGovernmentGrant,RevenueGovernmentGrant,정부보조금수익(매출액),Revenue government grant,"K-IFRS 1001 문단 82 (1), K-IFRS 1001 문단 85",X
36,IS1,20180701,ifrs_OtherRevenue,OtherRevenue,기타수익(매출액),Other revenue(Sales),"K-IFRS 1001 문단 82 (1), K-IFRS 1001 문단 85",X
37,IS1,20180701,ifrs_CostOfSales,CostOfSales,매출원가,Cost of sales,"K-IFRS 1001 문단 103, K-IFRS 1001 문단 85, K-IFRS 1001 문단 86",(X)
38,IS1,20180701,dart_CostOfSalesFromSaleOfGoods,CostOfSalesFromSaleOfGoods,재화의 판매로 인한 수익(매출액)에 대한 매출원가,Cost of sales from sale of goods,"K-IFRS 1001 문단 103, K-IFRS 1001 문단 85, K-IFRS 1001 문단 86",X
39,IS1,20180701,dart_CostOfSalesFromSaleOfGoodsProduct,CostOfSalesFromSaleOfGoodsProduct,제품매출원가,Cost of sales from sale of goods product,"K-IFRS 1001 문단 103, K-IFRS 1001 문단 85, K-IFRS 1001 문단 86",X
40,IS1,20180701,dart_CostOfSalesFromSaleOfGoodsMerchandises,CostOfSalesFromSaleOfGoodsMerchandises,상품매출원가,Cost of sales from sale of goods merchandises,"K-IFRS 1001 문단 103, K-IFRS 1001 문단 85, K-IFRS 1001 문단 86",X
41,IS1,20180701,dart_CostOfSalesFromSaleOfGoodsRawMaterial,CostOfSalesFromSaleOfGoodsRawMaterial,원재료매출원가,Cost of sales from sale of goods raw material,"K-IFRS 1001 문단 103, K-IFRS 1001 문단 85, K-IFRS 1001 문단 86",X
42,IS1,20180701,dart_CostOfSalesFromSaleOfGoodsFishing,CostOfSalesFromSaleOfGoodsFishing,어획물매출원가,Cost of sales from sale of goods fishing,"K-IFRS 1001 문단 103, K-IFRS 1001 문단 85, K-IFRS 1001 문단 86",X
43,IS1,20180701,dart_CostOfSalesFromSaleOfGoodsTire,CostOfSalesFromSaleOfGoodsTire,타이어매출원가,Cost of sales from sale of goods tire,"K-IFRS 1001 문단 103, K-IFRS 1001 문단 85, K-IFRS 1001 문단 86",X
44,IS1,20180701,dart_CostOfSalesFromRenderingOfServices,CostOfSalesFromRenderingOfServices,용역의 제공으로 인한 수익(매출액)에 대한 매출원가,Cost of sales from rendering of services,"K-IFRS 1001 문단 103, K-IFRS 1001 문단 85, K-IFRS 1001 문단 86",X
45,IS1,20180701,dart_CostOfSalesFromServices,CostOfSalesFromServices,용역매출원가,Cost of sales from services,"K-IFRS 1001 문단 103, K-IFRS 1001 문단 85, K-IFRS 1001 문단 86",X
46,IS1,20180701,dart_CostOfSalesFromRenderingOfServicesGames,CostOfSalesFromRenderingOfServicesGames,게임매출원가,Cost of sales from rendering of services games,"K-IFRS 1001 문단 103, K-IFRS 1001 문단 85, K-IFRS 1001 문단 86",X
47,IS1,20180701,dart_CostOfSalesFromRenderingOfServicesEducationBusiness,CostOfSalesFromRenderingOfServicesEducationBusiness,교육사업매출원가,Cost of sales from rendering of services education business,"K-IFRS 1001 문단 103, K-IFRS 1001 문단 85, K-IFRS 1001 문단 86",X
48,IS1,20180701,dart_CostOfSalesFromRenderingOfServicesFinanceBusiness,CostOfSalesFromRenderingOfServicesFinanceBusiness,금융업매출원가,Cost of sales from rendering of services finance business,"K-IFRS 1001 문단 103, K-IFRS 1001 문단 85, K-IFRS 1001 문단 86",X
49,IS1,20180701,dart_CostOfSalesFromSaleOfGoodsGasRecharge,CostOfSalesFromSaleOfGoodsGasRecharge,가스충전매출원가,Cost of sales from sale of goods gas recharge,"K-IFRS 1001 문단 103, K-IFRS 1001 문단 85, K-IFRS 1001 문단 86",X
50,IS1,20180701,dart_CostOfSalesFromRenderingOfServicesBroadcastBusiness,CostOfSalesFromRenderingOfServicesBroadcastBusiness,방송사업원가,Cost of sales from rendering of services broadcast business,"K-IFRS 1001 문단 103, K-IFRS 1001 문단 85, K-IFRS 1001 문단 86",X
51,IS1,20180701,dart_CostOfSalesFromRenderingOfServicesBroadcastProgram,CostOfSalesFromRenderingOfServicesBroadcastProgram,방송프로그램 매출원가,Cost of sales from rendering of services broadcast program,"K-IFRS 1001 문단 103, K-IFRS 1001 문단 85, K-IFRS 1001 문단 86",X
52,IS1,20180701,dart_CostOfSalesFromRenderingOfServicesDistribution,CostOfSalesFromRenderingOfServicesDistribution,물류매출원가/유통매출원가,Cost of sales from rendering of services distribution,"K-IFRS 1001 문단 103, K-IFRS 1001 문단 85, K-IFRS 1001 문단 86",X
53,IS1,20180701,dart_CostOfSalesFromRenderingOfServicesRental,CostOfSalesFromRenderingOfServicesRental,임대매출원가/임대수익원가,Cost of sales from rendering of services rental,"K-IFRS 1001 문단 103, K-IFRS 1001 문단 85, K-IFRS 1001 문단 86",X
54,IS1,20180701,dart_CostOfSalesFromRenderingOfServicesProcession,CostOfSalesFromRenderingOfServicesProcession,임가공매출원가,Cost of sales from rendering of services procession,"K-IFRS 1001 문단 103, K-IFRS 1001 문단 85, K-IFRS 1001 문단 86",X
55,IS1,20180701,dart_CostOfSalesFromRenderingOfServicesMovieShow,CostOfSalesFromRenderingOfServicesMovieShow,영화상영원가,Cost of sales from rendering of services movie show,"K-IFRS 1001 문단 103, K-IFRS 1001 문단 85, K-IFRS 1001 문단 86",X
56,IS1,20180701,dart_CostOfSalesFromSaleOfGoodsFood,CostOfSalesFromSaleOfGoodsFood,외식사업매출원가,Cost of sales from sale of goods food,"K-IFRS 1001 문단 103, K-IFRS 1001 문단 85, K-IFRS 1001 문단 86",X
57,IS1,20180701,dart_CostOfSalesFromRenderingOfServicesTransportation,CostOfSalesFromRenderingOfServicesTransportation,운송매출원가,Cost of sales from rendering of services transportation,"K-IFRS 1001 문단 103, K-IFRS 1001 문단 85, K-IFRS 1001 문단 86",X
58,IS1,20180701,dart_CostOfSalesFromRenderingOfServicesMaintenance,CostOfSalesFromRenderingOfServicesMaintenance,정비매출원가,Cost of sales from rendering of services maintenance,"K-IFRS 1001 문단 103, K-IFRS 1001 문단 85, K-IFRS 1001 문단 86",X
59,IS1,20180701,dart_CostOfSalesFromRenderingOfServicesCommission,CostOfSalesFromRenderingOfServicesCommission,수수료매출원가,Cost of sales from rendering of services commission,"K-IFRS 1001 문단 103, K-IFRS 1001 문단 85, K-IFRS 1001 문단 86",X
60,IS1,20180701,dart_CostOfSalesFromRenderingOfServicesEducationInstitute,CostOfSalesFromRenderingOfServicesEducationInstitute,학원매출원가,Cost of sales from rendering of services education institute,"K-IFRS 1001 문단 103, K-IFRS 1001 문단 85, K-IFRS 1001 문단 86",X
61,IS1,20180701,dart_CostOfRevenueNaturalResourcesExploration,CostOfRevenueNaturalResourcesExploration,해외자원개발원가,Cost of revenue natural resources exploration,"K-IFRS 1001 문단 103, K-IFRS 1001 문단 85, K-IFRS 1001 문단 86",X
62,IS1,20180701,dart_CostOfRevenueHotelService,CostOfRevenueHotelService,호텔매출원가,Cost of revenue hotel service,"K-IFRS 1001 문단 103, K-IFRS 1001 문단 85, K-IFRS 1001 문단 86",X
63,IS1,20180701,dart_CostOfSalesFromConstructionContracts,CostOfSalesFromConstructionContracts,건설계약으로 인한 수익(매출액)에 대한 매출원가,Cost of sales from construction contracts,"K-IFRS 1001 문단 103, K-IFRS 1001 문단 85, K-IFRS 1001 문단 86",X
64,IS1,20180701,dart_CostOfSalesFromConstruction,CostOfSalesFromConstruction,공사매출원가,Cost of sales from construction,"K-IFRS 1001 문단 103, K-IFRS 1001 문단 85, K-IFRS 1001 문단 86",X
65,IS1,20180701,dart_CostOfSalesFromSaleOfGoodsRealEstate,CostOfSalesFromSaleOfGoodsRealEstate,분양매출원가,Cost of sales from sale of goods real estate,"K-IFRS 1001 문단 103, K-IFRS 1001 문단 85, K-IFRS 1001 문단 86",X
66,IS1,20180701,dart_CostOfSalesFromRoyalties,CostOfSalesFromRoyalties,로열티수익(매출액)에 대한 매출원가,Cost of sales from royalties,"K-IFRS 1001 문단 103, K-IFRS 1001 문단 85, K-IFRS 1001 문단 86",X
67,IS1,20180701,dart_CostOfSalesFromInterest,CostOfSalesFromInterest,이자수익(매출액)에 대한 매출원가,Cost of sales from interest,"K-IFRS 1001 문단 103, K-IFRS 1001 문단 85, K-IFRS 1001 문단 86",X
68,IS1,20180701,dart_CostOfSalesFromDividends,CostOfSalesFromDividends,배당수익(매출액)에 대한 매출원가,Cost of sales from dividends,"K-IFRS 1001 문단 103, K-IFRS 1001 문단 85, K-IFRS 1001 문단 86",X
69,IS1,20180701,dart_OtherCostOfSales,OtherCostOfSales,기타수익(매출액)에 대한 매출원가,Other cost of sales,"K-IFRS 1001 문단 103, K-IFRS 1001 문단 85, K-IFRS 1001 문단 86",X
70,IS1,20180701,ifrs_GrossProfit,GrossProfit,매출총이익,Gross profit,K-IFRS 1001 문단 103,X
71,IS1,20180701,dart_TotalSellingGeneralAdministrativeExpenses,TotalSellingGeneralAdministrativeExpenses,판매비와관리비,Selling general administrative expenses,"K-IFRS 1001 문단 103, K-IFRS 1001 문단 한138.2, K-IFRS 1001 문단 한138.3",(X)
72,IS1,20180701,dart_SalariesWages,SalariesWages,급여,Salaries wages,"K-IFRS 1001 문단 103, K-IFRS 1001 문단 85, K-IFRS 1001 문단 86 K-IFRS 1001 문단 한138.2, K-IFRS 1001 문단 한138.3",X
73,IS1,20180701,dart_Bonus,Bonus,상여,Bonus,"K-IFRS 1001 문단 103, K-IFRS 1001 문단 85, K-IFRS 1001 문단 86 K-IFRS 1001 문단 한138.2, K-IFRS 1001 문단 한138.3",X
74,IS1,20180701,dart_ProvisionForSeveranceIndemnities,ProvisionForSeveranceIndemnities,퇴직급여,Provision for severance indemnities,"K-IFRS 1001 문단 103, K-IFRS 1001 문단 85, K-IFRS 1001 문단 86 K-IFRS 1001 문단 한138.2, K-IFRS 1001 문단 한138.3",X
75,IS1,20180701,dart_TerminationBenefits,TerminationBenefits,해고급여,Termination benefits,"K-IFRS 1001 문단 103, K-IFRS 1001 문단 85, K-IFRS 1001 문단 86 K-IFRS 1001 문단 한138.2, K-IFRS 1001 문단 한138.3",X
76,IS1,20180701,dart_EmployeeBenefits,EmployeeBenefits,복리후생비,Employee benefits,"K-IFRS 1001 문단 103, K-IFRS 1001 문단 85, K-IFRS 1001 문단 86 K-IFRS 1001 문단 한138.2, K-IFRS 1001 문단 한138.3",X
77,IS1,20180701,dart_InsurancePremiums,InsurancePremiums,보험료,Insurance premiums,"K-IFRS 1001 문단 103, K-IFRS 1001 문단 85, K-IFRS 1001 문단 86 K-IFRS 1001 문단 한138.2, K-IFRS 1001 문단 한138.3",X
78,IS1,20180701,dart_DepreciationExpense,DepreciationExpense,감가상각비,Depreciation expense,"K-IFRS 1001 문단 103, K-IFRS 1001 문단 85, K-IFRS 1001 문단 86 K-IFRS 1001 문단 한138.2, K-IFRS 1001 문단 한138.3",X
79,IS1,20180701,dart_AmortisationExpense,AmortisationExpense,무형자산상각비,Amortisation expense,"K-IFRS 1001 문단 103, K-IFRS 1001 문단 85, K-IFRS 1001 문단 86 K-IFRS 1001 문단 한138.2, K-IFRS 1001 문단 한138.3",X
80,IS1,20180701,dart_BadDebtExpenses,BadDebtExpenses,대손상각비(대손충당금환입),Bad debt expenses(Reversal Allowance Doubtful Accounts),"K-IFRS 1001 문단 103, K-IFRS 1001 문단 85, K-IFRS 1001 문단 86 K-IFRS 1001 문단 한138.2, K-IFRS 1001 문단 한138.3",X
81,IS1,20180701,dart_Commissions,Commissions,지급수수료,Commissions,"K-IFRS 1001 문단 103, K-IFRS 1001 문단 85, K-IFRS 1001 문단 86 K-IFRS 1001 문단 한138.2, K-IFRS 1001 문단 한138.3",X
82,IS1,20180701,dart_AdvertisingExpenses,AdvertisingExpenses,광고선전비,Advertising expenses,"K-IFRS 1001 문단 103, K-IFRS 1001 문단 85, K-IFRS 1001 문단 86 K-IFRS 1001 문단 한138.2, K-IFRS 1001 문단 한138.3",X
83,IS1,20180701,dart_TrainingExpenses,TrainingExpenses,교육훈련비,Training Expenses,"K-IFRS 1001 문단 103, K-IFRS 1001 문단 85, K-IFRS 1001 문단 86 K-IFRS 1001 문단 한138.2, K-IFRS 1001 문단 한138.3",X
84,IS1,20180701,dart_VehicleMaintenanceExpenses,VehicleMaintenanceExpenses,차량유지비,Vehicle maintenance expenses,"K-IFRS 1001 문단 103, K-IFRS 1001 문단 85, K-IFRS 1001 문단 86 K-IFRS 1001 문단 한138.2, K-IFRS 1001 문단 한138.3",X
85,IS1,20180701,dart_PublicationExpenses,PublicationExpenses,도서인쇄비,Publication expenses,"K-IFRS 1001 문단 103, K-IFRS 1001 문단 85, K-IFRS 1001 문단 86 K-IFRS 1001 문단 한138.2, K-IFRS 1001 문단 한138.3",X
86,IS1,20180701,dart_EntertainmentExpenses,EntertainmentExpenses,접대비,Entertainment expenses,"K-IFRS 1001 문단 103, K-IFRS 1001 문단 85, K-IFRS 1001 문단 86 K-IFRS 1001 문단 한138.2, K-IFRS 1001 문단 한138.3",X
87,IS1,20180701,dart_RentalExpenses,RentalExpenses,임차료,Rental expenses,"K-IFRS 1001 문단 103, K-IFRS 1001 문단 85, K-IFRS 1001 문단 86 K-IFRS 1001 문단 한138.2, K-IFRS 1001 문단 한138.3",X
88,IS1,20180701,dart_CommunicationExpenses,CommunicationExpenses,통신비,Communication expenses,"K-IFRS 1001 문단 103, K-IFRS 1001 문단 85, K-IFRS 1001 문단 86 K-IFRS 1001 문단 한138.2, K-IFRS 1001 문단 한138.3",X
89,IS1,20180701,dart_FreightExpenses,FreightExpenses,운반비,Freight expenses,"K-IFRS 1001 문단 103, K-IFRS 1001 문단 85, K-IFRS 1001 문단 86 K-IFRS 1001 문단 한138.2, K-IFRS 1001 문단 한138.3",X
90,IS1,20180701,dart_TaxesDues,TaxesDues,세금과공과,Taxes dues,"K-IFRS 1001 문단 103, K-IFRS 1001 문단 85, K-IFRS 1001 문단 86 K-IFRS 1001 문단 한138.2, K-IFRS 1001 문단 한138.3",X
91,IS1,20180701,dart_SupplyExpenses,SupplyExpenses,소모품비,Supply expenses,"K-IFRS 1001 문단 103, K-IFRS 1001 문단 85, K-IFRS 1001 문단 86 K-IFRS 1001 문단 한138.2, K-IFRS 1001 문단 한138.3",X
92,IS1,20180701,dart_UtilityExpenses,UtilityExpenses,수도광열비,Utility expenses,"K-IFRS 1001 문단 103, K-IFRS 1001 문단 85, K-IFRS 1001 문단 86 K-IFRS 1001 문단 한138.2, K-IFRS 1001 문단 한138.3",X
93,IS1,20180701,dart_RepairExpenses,RepairExpenses,수선비,Repair expenses,"K-IFRS 1001 문단 103, K-IFRS 1001 문단 85, K-IFRS 1001 문단 86 K-IFRS 1001 문단 한138.2, K-IFRS 1001 문단 한138.3",X
94,IS1,20180701,dart_OrdinaryDevelopmentExpense,OrdinaryDevelopmentExpense,경상개발비,Ordinary development expense,"K-IFRS 1001 문단 103, K-IFRS 1001 문단 85, K-IFRS 1001 문단 86 K-IFRS 1001 문단 한138.2, K-IFRS 1001 문단 한138.3",X
95,IS1,20180701,dart_TravelExpenses,TravelExpenses,여비교통비,Travel expenses,"K-IFRS 1001 문단 103, K-IFRS 1001 문단 85, K-IFRS 1001 문단 86 K-IFRS 1001 문단 한138.2, K-IFRS 1001 문단 한138.3",X
96,IS1,20180701,dart_AfterServiceExpenses,AfterServiceExpenses,A/S비용,After service expenses,"K-IFRS 1001 문단 103, K-IFRS 1001 문단 85, K-IFRS 1001 문단 86 K-IFRS 1001 문단 한138.2, K-IFRS 1001 문단 한138.3",X
97,IS1,20180701,dart_BuildingMaintenanceExpenses,BuildingMaintenanceExpenses,건물관리비,Building maintenance expenses,"K-IFRS 1001 문단 103, K-IFRS 1001 문단 85, K-IFRS 1001 문단 86 K-IFRS 1001 문단 한138.2, K-IFRS 1001 문단 한138.3",X
98,IS1,20180701,dart_SamplesExpenses,SamplesExpenses,견본품비,Samples expenses,"K-IFRS 1001 문단 103, K-IFRS 1001 문단 85, K-IFRS 1001 문단 86 K-IFRS 1001 문단 한138.2, K-IFRS 1001 문단 한138.3",X
99,IS1,20180701,dart_ContractCancellationExpenses,ContractCancellationExpenses,계약해지손실,Contract cancellation expenses,"K-IFRS 1001 문단 103, K-IFRS 1001 문단 85, K-IFRS 1001 문단 86 K-IFRS 1001 문단 한138.2, K-IFRS 1001 문단 한138.3",X
100,IS1,20180701,dart_PollutionControlExpenses,PollutionControlExpenses,공해방지비,Pollution control expenses,"K-IFRS 1001 문단 103, K-IFRS 1001 문단 85, K-IFRS 1001 문단 86 K-IFRS 1001 문단 한138.2, K-IFRS 1001 문단 한138.3",X
101,IS1,20180701,dart_LeaseExpenses,LeaseExpenses,리스료,Lease Expenses,"K-IFRS 1001 문단 103, K-IFRS 1001 문단 85, K-IFRS 1001 문단 86 K-IFRS 1001 문단 한138.2, K-IFRS 1001 문단 한138.3",X
102,IS1,20180701,dart_ImpairmentLossRecoveryOfAccountsReceivables,ImpairmentLossRecoveryOfAccountsReceivables,매출채권손상차손(환입),Impairment loss recovery of accounts receivables,"K-IFRS 1001 문단 103, K-IFRS 1001 문단 85, K-IFRS 1001 문단 86 K-IFRS 1001 문단 한138.2, K-IFRS 1001 문단 한138.3",X
103,IS1,20180701,dart_AdministrativeExpensesForUnsoldHouseAndOffice,AdministrativeExpensesForUnsoldHouseAndOffice,미분양주택관리비,Administrative expenses for unsold house and office,"K-IFRS 1001 문단 103, K-IFRS 1001 문단 85, K-IFRS 1001 문단 86 K-IFRS 1001 문단 한138.2, K-IFRS 1001 문단 한138.3",X
104,IS1,20180701,dart_ReturnedGoodsExpenses,ReturnedGoodsExpenses,반품비용,Returned goods expenses,"K-IFRS 1001 문단 103, K-IFRS 1001 문단 85, K-IFRS 1001 문단 86 K-IFRS 1001 문단 한138.2, K-IFRS 1001 문단 한138.3",X
105,IS1,20180701,dart_WarehouseExpenses,WarehouseExpenses,보관료,Warehouse expenses,"K-IFRS 1001 문단 103, K-IFRS 1001 문단 85, K-IFRS 1001 문단 86 K-IFRS 1001 문단 한138.2, K-IFRS 1001 문단 한138.3",X
106,IS1,20180701,dart_CompensationExpenses,CompensationExpenses,보상비,Compensation expenses,"K-IFRS 1001 문단 103, K-IFRS 1001 문단 85, K-IFRS 1001 문단 86 K-IFRS 1001 문단 한138.2, K-IFRS 1001 문단 한138.3",X
107,IS1,20180701,dart_HouseAndOfficeSalesAgentExpenses,HouseAndOfficeSalesAgentExpenses,분양대행수수료,House and office sales agent expenses,"K-IFRS 1001 문단 103, K-IFRS 1001 문단 85, K-IFRS 1001 문단 86 K-IFRS 1001 문단 한138.2, K-IFRS 1001 문단 한138.3",X
108,IS1,20180701,dart_RecruitExpenses,RecruitExpenses,사원모집비,Recruit expenses,"K-IFRS 1001 문단 103, K-IFRS 1001 문단 85, K-IFRS 1001 문단 86 K-IFRS 1001 문단 한138.2, K-IFRS 1001 문단 한138.3",X
109,IS1,20180701,dart_WorkersAccidentCompensationInsuranceExpenses,WorkersAccidentCompensationInsuranceExpenses,산재보험료,Workers accident compensation insurance expenses,"K-IFRS 1001 문단 103, K-IFRS 1001 문단 85, K-IFRS 1001 문단 86 K-IFRS 1001 문단 한138.2, K-IFRS 1001 문단 한138.3",X
110,IS1,20180701,dart_RevaluationLossOfBiologicalAsset,RevaluationLossOfBiologicalAsset,생물자산평가손실,Revaluation loss of biological asset,"K-IFRS 1001 문단 103, K-IFRS 1001 문단 85, K-IFRS 1001 문단 86 K-IFRS 1001 문단 한138.2, K-IFRS 1001 문단 한138.3",X
111,IS1,20180701,dart_LitigationExpenses,LitigationExpenses,송무비,Litigation expenses,"K-IFRS 1001 문단 103, K-IFRS 1001 문단 85, K-IFRS 1001 문단 86 K-IFRS 1001 문단 한138.2, K-IFRS 1001 문단 한138.3",X
112,IS1,20180701,dart_OrderGettingExpenses,OrderGettingExpenses,수주비,Order getting expenses,"K-IFRS 1001 문단 103, K-IFRS 1001 문단 85, K-IFRS 1001 문단 86 K-IFRS 1001 문단 한138.2, K-IFRS 1001 문단 한138.3",X
113,IS1,20180701,dart_ExperimentalResearchExpenses,ExperimentalResearchExpenses,시험비,Experimental research expenses,"K-IFRS 1001 문단 103, K-IFRS 1001 문단 85, K-IFRS 1001 문단 86 K-IFRS 1001 문단 한138.2, K-IFRS 1001 문단 한138.3",X
114,IS1,20180701,dart_EngagementExpenses,EngagementExpenses,업무추진비,Engagement expenses,"K-IFRS 1001 문단 103, K-IFRS 1001 문단 85, K-IFRS 1001 문단 86 K-IFRS 1001 문단 한138.2, K-IFRS 1001 문단 한138.3",X
115,IS1,20180701,dart_OutsourcingExpenses,OutsourcingExpenses,외주용역비,Outsourcing expenses,"K-IFRS 1001 문단 103, K-IFRS 1001 문단 85, K-IFRS 1001 문단 86 K-IFRS 1001 문단 한138.2, K-IFRS 1001 문단 한138.3",X
116,IS1,20180701,dart_GasAndOilExpenses,GasAndOilExpenses,유류비,Gas and oil expenses,"K-IFRS 1001 문단 103, K-IFRS 1001 문단 85, K-IFRS 1001 문단 86 K-IFRS 1001 문단 한138.2, K-IFRS 1001 문단 한138.3",X
117,IS1,20180701,dart_ElectricPowerExpense,ElectricPowerExpense,전력비,Electric power expense,"K-IFRS 1001 문단 103, K-IFRS 1001 문단 85, K-IFRS 1001 문단 86 K-IFRS 1001 문단 한138.2, K-IFRS 1001 문단 한138.3",X
118,IS1,20180701,dart_ElectronicFacilitiesExpenses,ElectronicFacilitiesExpenses,전산비,Electronic facilities expenses,"K-IFRS 1001 문단 103, K-IFRS 1001 문단 85, K-IFRS 1001 문단 86 K-IFRS 1001 문단 한138.2, K-IFRS 1001 문단 한138.3",X
119,IS1,20180701,dart_InvestmentPropertyDepreciationExpense,InvestmentPropertyDepreciationExpense,투자부동산감가상각비,Investment property depreciation expense,"K-IFRS 1001 문단 103, K-IFRS 1001 문단 85, K-IFRS 1001 문단 86 K-IFRS 1001 문단 한138.2, K-IFRS 1001 문단 한138.3",X
120,IS1,20180701,dart_ProductWarrantyExpensesRecovery,ProductWarrantyExpensesRecovery,판매보증비,Product warranty expenses recovery,"K-IFRS 1001 문단 103, K-IFRS 1001 문단 85, K-IFRS 1001 문단 86 K-IFRS 1001 문단 한138.2, K-IFRS 1001 문단 한138.3",X
121,IS1,20180701,dart_ProductRepairExpenses,ProductRepairExpenses,판매수리비,Product repair expenses,"K-IFRS 1001 문단 103, K-IFRS 1001 문단 85, K-IFRS 1001 문단 86 K-IFRS 1001 문단 한138.2, K-IFRS 1001 문단 한138.3",X
122,IS1,20180701,dart_SalesPromotionExpenses,SalesPromotionExpenses,판매촉진비,Sales promotion expenses,"K-IFRS 1001 문단 103, K-IFRS 1001 문단 85, K-IFRS 1001 문단 86 K-IFRS 1001 문단 한138.2, K-IFRS 1001 문단 한138.3",X
123,IS1,20180701,dart_PackingExpenses,PackingExpenses,포장비,Packing expenses,"K-IFRS 1001 문단 103, K-IFRS 1001 문단 85, K-IFRS 1001 문단 86 K-IFRS 1001 문단 한138.2, K-IFRS 1001 문단 한138.3",X
124,IS1,20180701,dart_ClothingExpenses,ClothingExpenses,피복비,Clothing expenses,"K-IFRS 1001 문단 103, K-IFRS 1001 문단 85, K-IFRS 1001 문단 86 K-IFRS 1001 문단 한138.2, K-IFRS 1001 문단 한138.3",X
125,IS1,20180701,dart_WarrantyExpenses,WarrantyExpenses,하자보수비,Warranty expenses,"K-IFRS 1001 문단 103, K-IFRS 1001 문단 85, K-IFRS 1001 문단 86 K-IFRS 1001 문단 한138.2, K-IFRS 1001 문단 한138.3",X
126,IS1,20180701,dart_AcademicInvestigationExpenses,AcademicInvestigationExpenses,학술비,Academic investigation expenses,"K-IFRS 1001 문단 103, K-IFRS 1001 문단 85, K-IFRS 1001 문단 86 K-IFRS 1001 문단 한138.2, K-IFRS 1001 문단 한138.3",X
127,IS1,20180701,dart_ExportOverallExpense,ExportOverallExpense,수출제비용,Export overall expense,"K-IFRS 1001 문단 103, K-IFRS 1001 문단 85, K-IFRS 1001 문단 86 K-IFRS 1001 문단 한138.2, K-IFRS 1001 문단 한138.3",X
128,IS1,20180701,dart_CeremonyExpenses,CeremonyExpenses,행사비,Ceremony expenses,"K-IFRS 1001 문단 103, K-IFRS 1001 문단 85, K-IFRS 1001 문단 86 K-IFRS 1001 문단 한138.2, K-IFRS 1001 문단 한138.3",X
129,IS1,20180701,dart_MembershipExpenses,MembershipExpenses,협회비,Membership expenses,"K-IFRS 1001 문단 103, K-IFRS 1001 문단 85, K-IFRS 1001 문단 86 K-IFRS 1001 문단 한138.2, K-IFRS 1001 문단 한138.3",X
130,IS1,20180701,dart_ConferenceExpenses,ConferenceExpenses,회의비,Conference expenses,"K-IFRS 1001 문단 103, K-IFRS 1001 문단 85, K-IFRS 1001 문단 86 K-IFRS 1001 문단 한138.2, K-IFRS 1001 문단 한138.3",X
131,IS1,20180701,dart_OrdinaryTechnologyExpense,OrdinaryTechnologyExpense,경상기술료,Ordinary technology expense,"K-IFRS 1001 문단 103, K-IFRS 1001 문단 85, K-IFRS 1001 문단 86 K-IFRS 1001 문단 한138.2, K-IFRS 1001 문단 한138.3",X
132,IS1,20180701,dart_CondolenceExpense,CondolenceExpense,경조금,Condolence expense,"K-IFRS 1001 문단 103, K-IFRS 1001 문단 85, K-IFRS 1001 문단 86 K-IFRS 1001 문단 한138.2, K-IFRS 1001 문단 한138.3",X
133,IS1,20180701,dart_ConstructionLoss,ConstructionLoss,공사손실비,Construction loss,"K-IFRS 1001 문단 103, K-IFRS 1001 문단 85, K-IFRS 1001 문단 86 K-IFRS 1001 문단 한138.2, K-IFRS 1001 문단 한138.3",X
134,IS1,20180701,dart_AdvertisementAgentExpense,AdvertisementAgentExpense,광고대행료,Advertisement agent expense,"K-IFRS 1001 문단 103, K-IFRS 1001 문단 85, K-IFRS 1001 문단 86 K-IFRS 1001 문단 한138.2, K-IFRS 1001 문단 한138.3",X
135,IS1,20180701,dart_InternationalSettleBurdenCharge,InternationalSettleBurdenCharge,국제정산부담금,International settle burden charge,"K-IFRS 1001 문단 103, K-IFRS 1001 문단 85, K-IFRS 1001 문단 86 K-IFRS 1001 문단 한138.2, K-IFRS 1001 문단 한138.3",X
136,IS1,20180701,dart_LicenseFee,LicenseFee,라이센스비,License fee,"K-IFRS 1001 문단 103, K-IFRS 1001 문단 85, K-IFRS 1001 문단 86 K-IFRS 1001 문단 한138.2, K-IFRS 1001 문단 한138.3",X
137,IS1,20180701,dart_NetworkContactSettleExpense,NetworkContactSettleExpense,망접속정산비용,Network contact settle expense,"K-IFRS 1001 문단 103, K-IFRS 1001 문단 85, K-IFRS 1001 문단 86 K-IFRS 1001 문단 한138.2, K-IFRS 1001 문단 한138.3",X
138,IS1,20180701,dart_MediaPurchaseExpense,MediaPurchaseExpense,매체구입비,Media purchase expense,"K-IFRS 1001 문단 103, K-IFRS 1001 문단 85, K-IFRS 1001 문단 86 K-IFRS 1001 문단 한138.2, K-IFRS 1001 문단 한138.3",X
139,IS1,20180701,dart_LiteratureProducingExpense,LiteratureProducingExpense,문헌제작비,Literature producing expense,"K-IFRS 1001 문단 103, K-IFRS 1001 문단 85, K-IFRS 1001 문단 86 K-IFRS 1001 문단 한138.2, K-IFRS 1001 문단 한138.3",X
140,IS1,20180701,dart_ExpensesOfProvisionsForRestoration,ExpensesOfProvisionsForRestoration,복구충당부채전입액,Expenses of provisions for restoration,"K-IFRS 1001 문단 103, K-IFRS 1001 문단 85, K-IFRS 1001 문단 86 K-IFRS 1001 문단 한138.2, K-IFRS 1001 문단 한138.3",X
141,IS1,20180701,dart_ExpenseForManagementOfAffairs,ExpenseForManagementOfAffairs,사무관리비,Expense for management of affairs,"K-IFRS 1001 문단 103, K-IFRS 1001 문단 85, K-IFRS 1001 문단 86 K-IFRS 1001 문단 한138.2, K-IFRS 1001 문단 한138.3",X
142,IS1,20180701,dart_MarketResearchExpense,MarketResearchExpense,시장조사비,Market research expense,"K-IFRS 1001 문단 103, K-IFRS 1001 문단 85, K-IFRS 1001 문단 86 K-IFRS 1001 문단 한138.2, K-IFRS 1001 문단 한138.3",X
143,IS1,20180701,dart_OilExplorationExpense,OilExplorationExpense,유전탐사비,Oil exploration expense,"K-IFRS 1001 문단 103, K-IFRS 1001 문단 85, K-IFRS 1001 문단 86 K-IFRS 1001 문단 한138.2, K-IFRS 1001 문단 한138.3",X
144,IS1,20180701,dart_PersonalExpense,PersonalExpense,인건비,Personal expense,"K-IFRS 1001 문단 103, K-IFRS 1001 문단 85, K-IFRS 1001 문단 86 K-IFRS 1001 문단 한138.2, K-IFRS 1001 문단 한138.3",X
145,IS1,20180701,dart_StampDuty,StampDuty,인세,Stamp duty,"K-IFRS 1001 문단 103, K-IFRS 1001 문단 85, K-IFRS 1001 문단 86 K-IFRS 1001 문단 한138.2, K-IFRS 1001 문단 한138.3",X
146,IS1,20180701,dart_RentalPropertyAdministrationExpense,RentalPropertyAdministrationExpense,임대자산관리비,Rental property administration expense,"K-IFRS 1001 문단 103, K-IFRS 1001 문단 85, K-IFRS 1001 문단 86 K-IFRS 1001 문단 한138.2, K-IFRS 1001 문단 한138.3",X
147,IS1,20180701,dart_LeaseholdAdministrationExpense,LeaseholdAdministrationExpense,임차관리비,Leasehold administration expense,"K-IFRS 1001 문단 103, K-IFRS 1001 문단 85, K-IFRS 1001 문단 86 K-IFRS 1001 문단 한138.2, K-IFRS 1001 문단 한138.3",X
148,IS1,20180701,dart_CopyrightExpense,CopyrightExpense,저작권료,Copyright expense,"K-IFRS 1001 문단 103, K-IFRS 1001 문단 85, K-IFRS 1001 문단 86 K-IFRS 1001 문단 한138.2, K-IFRS 1001 문단 한138.3",X
149,IS1,20180701,dart_ExclusiveLineUseExpense,ExclusiveLineUseExpense,전용회선료,Exclusive line use expense,"K-IFRS 1001 문단 103, K-IFRS 1001 문단 85, K-IFRS 1001 문단 86 K-IFRS 1001 문단 한138.2, K-IFRS 1001 문단 한138.3",X
150,IS1,20180701,dart_ContactLineExpense,ContactLineExpense,접속료,Contact line expense,"K-IFRS 1001 문단 103, K-IFRS 1001 문단 85, K-IFRS 1001 문단 86 K-IFRS 1001 문단 한138.2, K-IFRS 1001 문단 한138.3",X
151,IS1,20180701,dart_ResearchExpense,ResearchExpense,조사분석비,Research expense,"K-IFRS 1001 문단 103, K-IFRS 1001 문단 85, K-IFRS 1001 문단 86 K-IFRS 1001 문단 한138.2, K-IFRS 1001 문단 한138.3",X
152,IS1,20180701,ifrs_SharebasedPaymentTransactions,SharebasedPaymentTransactions,주식보상비용(환입),Share-based payment transactions,"K-IFRS 1001 문단 103, K-IFRS 1001 문단 85, K-IFRS 1001 문단 86 K-IFRS 1001 문단 한138.2, K-IFRS 1001 문단 한138.3",X
153,IS1,20180701,dart_CarServiceExpense,CarServiceExpense,지급용차료,Car service expense,"K-IFRS 1001 문단 103, K-IFRS 1001 문단 85, K-IFRS 1001 문단 86 K-IFRS 1001 문단 한138.2, K-IFRS 1001 문단 한138.3",X
154,IS1,20180701,dart_ProgressExpense,ProgressExpense,진행비,Progress expense,"K-IFRS 1001 문단 103, K-IFRS 1001 문단 85, K-IFRS 1001 문단 86 K-IFRS 1001 문단 한138.2, K-IFRS 1001 문단 한138.3",X
155,IS1,20180701,dart_CardLoanPurchaseExpense,CardLoanPurchaseExpense,카드채권매입비용,Card loan purchase expense,"K-IFRS 1001 문단 103, K-IFRS 1001 문단 85, K-IFRS 1001 문단 86 K-IFRS 1001 문단 한138.2, K-IFRS 1001 문단 한138.3",X
156,IS1,20180701,dart_ClaimExpense,ClaimExpense,클레임비용,Claim expense,"K-IFRS 1001 문단 103, K-IFRS 1001 문단 85, K-IFRS 1001 문단 86 K-IFRS 1001 문단 한138.2, K-IFRS 1001 문단 한138.3",X
157,IS1,20180701,dart_PrizeExpense,PrizeExpense,포상비,Prize expense,"K-IFRS 1001 문단 103, K-IFRS 1001 문단 85, K-IFRS 1001 문단 86 K-IFRS 1001 문단 한138.2, K-IFRS 1001 문단 한138.3",X
158,IS1,20180701,dart_PublicRelationExpense,PublicRelationExpense,홍보비,Public relation expense,"K-IFRS 1001 문단 103, K-IFRS 1001 문단 85, K-IFRS 1001 문단 86 K-IFRS 1001 문단 한138.2, K-IFRS 1001 문단 한138.3",X
159,IS1,20180701,dart_MiscellaneousExpenses,MiscellaneousExpenses,기타판매비와관리비,Miscellaneous expenses,"K-IFRS 1001 문단 103, K-IFRS 1001 문단 한138.2, K-IFRS 1001 문단 한138.3",X
160,IS1,20180701,dart_OperatingIncomeLoss,OperatingIncomeLoss,영업이익(손실),Operating income(loss),"K-IFRS 1001 문단 103, K-IFRS 1001 문단 한138.2, K-IFRS 1001 문단 한138.3",X
161,IS1,20180701,dart_OtherGains,OtherGains,기타이익,Other gains,K-IFRS 1001 문단 103,X
162,IS1,20180701,dart_GainsOnValuationOfLongTermFinancialInstruments,GainsOnValuationOfLongTermFinancialInstruments,금융상품평가이익,Gains on valuation of long term financial instruments,"K-IFRS 1001 문단 103, K-IFRS 1001 문단 85, K-IFRS 1001 문단 86, K-IFRS 1107 문단 20",X
163,IS1,20180701,dart_GainsOnDisposalsOfPropertyPlantAndEquipment,GainsOnDisposalsOfPropertyPlantAndEquipment,유형자산처분이익,"Gains on disposals of property, plant and equipment","K-IFRS 1001 문단 103, K-IFRS 1001 문단 85, K-IFRS 1001 문단 86",X
164,IS1,20180701,dart_ReversalsOfPropertyPlantAndEquipment,ReversalsOfPropertyPlantAndEquipment,유형자산손상차손환입,"Reversals of property, plant and equipment","K-IFRS 1001 문단 103, K-IFRS 1001 문단 85, K-IFRS 1001 문단 86",X
165,IS1,20180701,dart_GainsOnDisposalsOfIntangibleAssets,GainsOnDisposalsOfIntangibleAssets,무형자산처분이익,Gains on disposals of intangible assets,"K-IFRS 1001 문단 103, K-IFRS 1001 문단 85, K-IFRS 1001 문단 86",X
166,IS1,20180701,dart_ReversalOfImpairmentLossesOnIntangibleAssets,ReversalOfImpairmentLossesOnIntangibleAssets,무형자산손상차손환입,Reversal of impairment losses on intangible assets,"K-IFRS 1001 문단 103, K-IFRS 1001 문단 85, K-IFRS 1001 문단 86",X
167,IS1,20180701,dart_GainsOnDisposalsOfHeldForTradingFinancialAssets,GainsOnDisposalsOfHeldForTradingFinancialAssets,단기매매금융자산처분이익,Gains on disposals of held for trading financial assets,"K-IFRS 1001 문단 103, K-IFRS 1001 문단 85, K-IFRS 1001 문단 86, K-IFRS 1107 문단 20",X
168,IS1,20180701,dart_GainsOnValuationOfHeldForTradingFinancialAssets,GainsOnValuationOfHeldForTradingFinancialAssets,단기매매금융자산평가이익,Gains on valuation of held for trading financial assets,"K-IFRS 1001 문단 103, K-IFRS 1001 문단 85, K-IFRS 1001 문단 86, K-IFRS 1107 문단 20",X
169,IS1,20180701,dart_GainsOnDisposalsOfFairValueFinancialLiabilities,GainsOnDisposalsOfFairValueFinancialLiabilities,당기손익인식금융부채처분이익,Gains on disposals of fair value financial liabilities,"K-IFRS 1001 문단 103, K-IFRS 1001 문단 85, K-IFRS 1001 문단 86, K-IFRS 1107 문단 20",X
170,IS1,20180701,dart_GainsOnValuationOfFairValueFinancialLiabilities,GainsOnValuationOfFairValueFinancialLiabilities,당기손익인식금융부채평가이익,Gains on valuation of fair value financial liabilities,"K-IFRS 1001 문단 103, K-IFRS 1001 문단 85, K-IFRS 1001 문단 86, K-IFRS 1107 문단 20",X
171,IS1,20180701,dart_GainsOnDisposalsOfFairValueFinancialAsset,GainsOnDisposalsOfFairValueFinancialAsset,당기손익인식금융자산처분이익,Gains on disposals of fair value financial asset,"K-IFRS 1001 문단 103, K-IFRS 1001 문단 85, K-IFRS 1001 문단 86, K-IFRS 1107 문단 20",X
172,IS1,20180701,dart_GainsOnValuationOfFairValueFinancialAsset,GainsOnValuationOfFairValueFinancialAsset,당기손익인식금융자산평가이익,Gains on valuation of fair value financial asset,"K-IFRS 1001 문단 103, K-IFRS 1001 문단 85, K-IFRS 1001 문단 86, K-IFRS 1107 문단 20",X
173,IS1,20180701,dart_GainsOnDisposalsOfAvailableForSaleFinancialAssets,GainsOnDisposalsOfAvailableForSaleFinancialAssets,매도가능금융자산처분이익,Gains on disposals of available for sale financial assets,"K-IFRS 1001 문단 103, K-IFRS 1001 문단 85, K-IFRS 1001 문단 86, K-IFRS 1107 문단 20",X
174,IS1,20180701,dart_ReversalsOfImpairmentLossesOnAvailableForSaleFinancialAssets,ReversalsOfImpairmentLossesOnAvailableForSaleFinancialAssets,매도가능금융자산손상차손환입,Reversals of impairment losses on available for sale financial assets,"K-IFRS 1001 문단 103, K-IFRS 1001 문단 85, K-IFRS 1001 문단 86, K-IFRS 1107 문단 20",X
175,IS1,20180701,dart_ReversalsOfImpairmentLossesOnInvestmentProperty,ReversalsOfImpairmentLossesOnInvestmentProperty,투자부동산손상차손환입,Reversals of impairment losses on investment property,"K-IFRS 1001 문단 103, K-IFRS 1001 문단 85, K-IFRS 1001 문단 86",X
176,IS1,20180701,dart_GainsOnDisposalsOfInvestmentProperty,GainsOnDisposalsOfInvestmentProperty,투자부동산처분이익,Gains on disposals of investment property,"K-IFRS 1001 문단 103, K-IFRS 1001 문단 85, K-IFRS 1001 문단 86",X
177,IS1,20180701,dart_GainsOnValuationOfInvestmentProperty,GainsOnValuationOfInvestmentProperty,투자부동산평가이익,Gains on valuation of investment property,"K-IFRS 1001 문단 103, K-IFRS 1001 문단 85, K-IFRS 1001 문단 86",X
178,IS1,20180701,dart_GainsOnValuationOfInvestmentAssets,GainsOnValuationOfInvestmentAssets,투자자산평가이익,Gains on valuation of investment assets,"K-IFRS 1001 문단 103, K-IFRS 1001 문단 85, K-IFRS 1001 문단 86",X
179,IS1,20180701,dart_GainsOnDisposalsOfInvestments,GainsOnDisposalsOfInvestments,투자자산처분이익,Gains on disposals of investments,"K-IFRS 1001 문단 103, K-IFRS 1001 문단 85, K-IFRS 1001 문단 86",X
180,IS1,20180701,dart_GainsOnDispositionOfReceivables,GainsOnDispositionOfReceivables,매출채권처분이익,Gains on disposition of receivables,"K-IFRS 1001 문단 103, K-IFRS 1001 문단 85, K-IFRS 1001 문단 86",X
181,IS1,20180701,dart_GainsOnDisposalsOfInventory,GainsOnDisposalsOfInventory,재고자산처분이익,Gains on disposals of inventory,"K-IFRS 1001 문단 103, K-IFRS 1001 문단 85, K-IFRS 1001 문단 86",X
182,IS1,20180701,dart_GainsOnDisposalsOfOtherNonCurrentAssets,GainsOnDisposalsOfOtherNonCurrentAssets,기타비유동자산처분이익,Gains on disposals of other non-current assets,"K-IFRS 1001 문단 103, K-IFRS 1001 문단 85, K-IFRS 1001 문단 86",X
183,IS1,20180701,dart_ReversalsOfImpairmentLossesOnOtherNonCurrentAssets,ReversalsOfImpairmentLossesOnOtherNonCurrentAssets,기타비유동자산손상차손환입,Reversals of impairment losses on other non-current assets,"K-IFRS 1001 문단 103, K-IFRS 1001 문단 85, K-IFRS 1001 문단 86",X
184,IS1,20180701,dart_GainsOnDisposalsOfNoncurrentAssetsOrDisposalGroupsClassifiedAsHeldForSale,GainsOnDisposalsOfNoncurrentAssetsOrDisposalGroupsClassifiedAsHeldForSale,매각예정자산처분이익,Gains on disposals of non-current assets or disposal groups classified as held for sale,"K-IFRS 1001 문단 103, K-IFRS 1001 문단 85, K-IFRS 1001 문단 86",X
185,IS1,20180701,dart_RevenueContributionToConstructionNonOperating,RevenueContributionToConstructionNonOperating,공사부담금수익(영업외),Revenue contribution to construction non-operating,"K-IFRS 1001 문단 103, K-IFRS 1001 문단 85, K-IFRS 1001 문단 86",X
186,IS1,20180701,dart_GainsFromGovernmentGrants,GainsFromGovernmentGrants,정부보조금으로 인한 이익/보조금수익,Gains from government grants,"K-IFRS 1001 문단 103, K-IFRS 1001 문단 85, K-IFRS 1001 문단 86",X
187,IS1,20180701,dart_ProfitsOfAssociatesAndJointVenturesAccountedForUsingEquityMethod,ProfitsOfAssociatesAndJointVenturesAccountedForUsingEquityMethod,지분법이익,Profits of associates and joint ventures accounted for using equity method,"K-IFRS 1001 문단 103, K-IFRS 1001 문단 82",X
188,IS1,20180701,dart_GainsOnSaleOfInvestmentAccountedForUsingEquityMethod,GainsOnSaleOfInvestmentAccountedForUsingEquityMethod,지분법투자주식처분이익,Gains on sale of investment accounted for using equity method,"K-IFRS 1001 문단 103, K-IFRS 1001 문단 85, K-IFRS 1001 문단 86",X
189,IS1,20180701,dart_ReversalsOfImpairmentLossesOnAssociates,ReversalsOfImpairmentLossesOnAssociates,관계기업/공동기업투자손상차손환입,Reversals of impairment losses on associates,"K-IFRS 1001 문단 103, K-IFRS 1001 문단 85, K-IFRS 1001 문단 86",X
190,IS1,20180701,dart_GainsOnSaleOfInvestmentsInAssociates,GainsOnSaleOfInvestmentsInAssociates,관계기업/공동기업투자처분이익,Gains on sale of investments in associates,"K-IFRS 1001 문단 103, K-IFRS 1001 문단 85, K-IFRS 1001 문단 86",X
191,IS1,20180701,dart_GainsOnSaleOfInvestmentsInSubsidiaries,GainsOnSaleOfInvestmentsInSubsidiaries,종속기업투자주식처분이익,Gains on sale of investments in subsidiaries,"K-IFRS 1001 문단 103, K-IFRS 1001 문단 85, K-IFRS 1001 문단 86",X
192,IS1,20180701,ifrs_ReversalOfProvisionsForCostOfRestructuring,ReversalOfProvisionsForCostOfRestructuring,구조조정 충당부채의 환입,Reversal of provisions for cost of restructuring,"K-IFRS 1001 문단 103, K-IFRS 1001 문단 85, K-IFRS 1001 문단 86",X
193,IS1,20180701,dart_ReversalsOfProvisionsForProductWarranties,ReversalsOfProvisionsForProductWarranties,판매보증충당부채환입,Reversals of provisions for product warranties,"K-IFRS 1001 문단 103, K-IFRS 1001 문단 85, K-IFRS 1001 문단 86",X
194,IS1,20180701,dart_ReversalsOfProvisionsForConstructionWarranty,ReversalsOfProvisionsForConstructionWarranty,하자보수충당부채환입,Reversals of provisions for construction warranty,"K-IFRS 1001 문단 103, K-IFRS 1001 문단 85, K-IFRS 1001 문단 86",X
195,IS1,20180701,dart_ReversalsOfProvisionsForReturnedGoods,ReversalsOfProvisionsForReturnedGoods,반품충당부채환입액,Reversals of provisions for returned goods,"K-IFRS 1001 문단 103, K-IFRS 1001 문단 85, K-IFRS 1001 문단 86",X
196,IS1,20180701,dart_ReversalsOfProvisionsForConstructionLosses,ReversalsOfProvisionsForConstructionLosses,공사손실충당부채환입,Reversals of provisions for construction losses,"K-IFRS 1001 문단 103, K-IFRS 1001 문단 85, K-IFRS 1001 문단 86",X
197,IS1,20180701,dart_ReversalsOfWarrantyProvision,ReversalsOfWarrantyProvision,제품보증충당부채환입,Reversals of warranty provision,"K-IFRS 1001 문단 103, K-IFRS 1001 문단 85, K-IFRS 1001 문단 86",X
198,IS1,20180701,dart_ReversalsOfLegalProceedingsProvision,ReversalsOfLegalProceedingsProvision,법적소송충당부채환입,Reversals of legal proceedings provision,"K-IFRS 1001 문단 103, K-IFRS 1001 문단 85, K-IFRS 1001 문단 86",X
199,IS1,20180701,dart_ReversalsOfOnerousContractsProvision,ReversalsOfOnerousContractsProvision,손실부담계약충당부채환입,Reversals of onerous contracts provision,"K-IFRS 1001 문단 103, K-IFRS 1001 문단 85, K-IFRS 1001 문단 86",X
200,IS1,20180701,ifrs_OtherReversalsOfProvisions,OtherReversalsOfProvisions,기타충당부채의 환입,Other reversals of provisions,"K-IFRS 1001 문단 103, K-IFRS 1001 문단 85, K-IFRS 1001 문단 86",X
201,IS1,20180701,dart_ReversalsOfInventories,ReversalsOfInventories,재고자산평가손실환입,Reversals of inventories,"K-IFRS 1001 문단 103, K-IFRS 1001 문단 85, K-IFRS 1001 문단 86",X
202,IS1,20180701,dart_ReversalsOfAllowanceForOtherDoubtfulAccounts,ReversalsOfAllowanceForOtherDoubtfulAccounts,기타대손충당금환입,Reversals of allowance for other doubtful accounts,"K-IFRS 1001 문단 103, K-IFRS 1001 문단 85, K-IFRS 1001 문단 86",X
203,IS1,20180701,dart_IncomeTaxRefunds,IncomeTaxRefunds,법인세환급액,Income tax refunds,"K-IFRS 1001 문단 103, K-IFRS 1001 문단 85, K-IFRS 1001 문단 86",X
204,IS1,20180701,dart_GainsOnReimbursementOrCompensation,GainsOnReimbursementOrCompensation,보상 및 배상금수익,Gains on reimbursement or compensation,"K-IFRS 1001 문단 103, K-IFRS 1001 문단 85, K-IFRS 1001 문단 86",X
205,IS1,20180701,dart_ByproductsProceeds,ByproductsProceeds,부산물수입,By-products proceeds,"K-IFRS 1001 문단 103, K-IFRS 1001 문단 85, K-IFRS 1001 문단 86",X
206,IS1,20180701,dart_AmortizationOnNegativeGoodwill,AmortizationOnNegativeGoodwill,염가매수차익,Amortization on negative goodwill,"K-IFRS 1001 문단 103, K-IFRS 1001 문단 85, K-IFRS 1001 문단 86",X
207,IS1,20180701,dart_GainsFromRedemptionOfBonds,GainsFromRedemptionOfBonds,사채상환이익,Gains from redemption of bonds,"K-IFRS 1001 문단 103, K-IFRS 1001 문단 85, K-IFRS 1001 문단 86",X
208,IS1,20180701,dart_RoyaltyIncome,RoyaltyIncome,기술료수입,Royalty income,"K-IFRS 1001 문단 103, K-IFRS 1001 문단 85, K-IFRS 1001 문단 86",X
209,IS1,20180701,dart_GainsFromCommission,GainsFromCommission,수입수수료,Gains from commission,"K-IFRS 1001 문단 103, K-IFRS 1001 문단 85, K-IFRS 1001 문단 86",X
210,IS1,20180701,dart_LentIncome,LentIncome,수입임대료,Lent income,"K-IFRS 1001 문단 103, K-IFRS 1001 문단 85, K-IFRS 1001 문단 86",X
211,IS1,20180701,dart_BountyIncome,BountyIncome,수입장려금,Bounty income,"K-IFRS 1001 문단 103, K-IFRS 1001 문단 85, K-IFRS 1001 문단 86",X
212,IS1,20180701,dart_GainsFromResearchSupportFund,GainsFromResearchSupportFund,연구비지원금(수익),Gains from research support fund,"K-IFRS 1001 문단 103, K-IFRS 1001 문단 85, K-IFRS 1001 문단 86",X
213,IS1,20180701,dart_DelinquentChargeIncome,DelinquentChargeIncome,연체료수입,Delinquent charge income,"K-IFRS 1001 문단 103, K-IFRS 1001 문단 85, K-IFRS 1001 문단 86",X
214,IS1,20180701,dart_FreightIncome,FreightIncome,운송수입,Freight income,"K-IFRS 1001 문단 103, K-IFRS 1001 문단 85, K-IFRS 1001 문단 86",X
215,IS1,20180701,dart_OperatingLeaseRevenuesNonOperating,OperatingLeaseRevenuesNonOperating,운용리스수익,Operating lease revenues non-operating,"K-IFRS 1001 문단 103, K-IFRS 1001 문단 85, K-IFRS 1001 문단 86",X
216,IS1,20180701,dart_GainsFromAssetsContributed,GainsFromAssetsContributed,자산수증이익,Gains from assets contributed,"K-IFRS 1001 문단 103, K-IFRS 1001 문단 85, K-IFRS 1001 문단 86",X
217,IS1,20180701,dart_GainOnExemptionOfDebts,GainOnExemptionOfDebts,채무면제이익,Gain on exemption of debts,"K-IFRS 1001 문단 103, K-IFRS 1001 문단 85, K-IFRS 1001 문단 86",X
218,IS1,20180701,dart_RetirementPensionOperatingIncome,RetirementPensionOperatingIncome,퇴직연금운용수익,Retirement pension operating income,"K-IFRS 1001 문단 103, K-IFRS 1001 문단 85, K-IFRS 1001 문단 86",X
219,IS1,20180701,dart_GainsOnFuturesTransaction,GainsOnFuturesTransaction,선물거래이익,Gains on futures transaction,"K-IFRS 1001 문단 103, K-IFRS 1001 문단 85, K-IFRS 1001 문단 86",X
220,IS1,20180701,dart_GainsOnTransactionOfForeignExchangeForward,GainsOnTransactionOfForeignExchangeForward,통화선도거래이익,Gains on transaction of foreign exchange forward,"K-IFRS 1001 문단 103, K-IFRS 1001 문단 85, K-IFRS 1001 문단 86",X
221,IS1,20180701,dart_GainsOnValuationOfForeignExchangeForward,GainsOnValuationOfForeignExchangeForward,통화선도평가이익,Gains on valuation of foreign exchange forward,"K-IFRS 1001 문단 103, K-IFRS 1001 문단 85, K-IFRS 1001 문단 86",X
222,IS1,20180701,dart_GainsOnTransactionOfDerivativeFinancialInstrument,GainsOnTransactionOfDerivativeFinancialInstrument,파생금융상품거래이익,Gains on transaction of derivative financial instrument,"K-IFRS 1001 문단 103, K-IFRS 1001 문단 85, K-IFRS 1001 문단 86",X
223,IS1,20180701,dart_GainsOnValuationOfDerivativeFinancialInstrument,GainsOnValuationOfDerivativeFinancialInstrument,파생금융상품평가이익,Gains on valuation of derivative financial instrument,"K-IFRS 1001 문단 103, K-IFRS 1001 문단 85, K-IFRS 1001 문단 86",X
224,IS1,20180701,dart_DividendIncomeNonOperating,DividendIncomeNonOperating,배당금수익,Dividend income non-operating,"K-IFRS 1001 문단 103, K-IFRS 1001 문단 85, K-IFRS 1001 문단 86",X
225,IS1,20180701,dart_GainArisingFromDifferenceBetweenCarryingAmountOfFinancialLiabilityExtinguishedAndConsiderationPaid,GainArisingFromDifferenceBetweenCarryingAmountOfFinancialLiabilityExtinguishedAndConsiderationPaid,소멸된 금융부채의 장부금액과 지급된 금액 사이의 차이에서 발생한 이익,Gain arising from difference between carrying amount of financial liability extinguished and consideration paid,"K-IFRS 1001 문단 103, K-IFRS 1001 문단 85, K-IFRS 1001 문단 86, K-IFRS 1107 문단 20",X
226,IS1,20180701,dart_GainsFromBreachOfContract,GainsFromBreachOfContract,위약금수입,Gains from breach of contract,"K-IFRS 1001 문단 103, K-IFRS 1001 문단 85, K-IFRS 1001 문단 86",X
227,IS1,20180701,dart_GainsOnLitigationSettlements,GainsOnLitigationSettlements,소송사건의 이익,Gains on litigation settlements,"K-IFRS 1001 문단 103, K-IFRS 1001 문단 85, K-IFRS 1001 문단 86",X
228,IS1,20180701,dart_GainOnForeignExchangeTranslations,GainOnForeignExchangeTranslations,외화환산이익,Gain on foreign exchange translations,"K-IFRS 1001 문단 103, K-IFRS 1001 문단 85, K-IFRS 1001 문단 86",X
229,IS1,20180701,dart_GainsForeignCurrencyTransactions,GainsForeignCurrencyTransactions,외환차익,Gains Foreign Currency Transactions,"K-IFRS 1001 문단 103, K-IFRS 1001 문단 85, K-IFRS 1001 문단 86",X
230,IS1,20180701,dart_ImpairmentGainAndReversalOfImpairmentLossDeterminedInAccordanceWithIFRS9,ImpairmentGainAndReversalOfImpairmentLossDeterminedInAccordanceWithIFRS9,K-IFRS 1109에 따라 결정된 손상차익 또는 손상차손환입,Impairment gain and reversal of impairment loss determined in accordance with IFRS 9,K-IFRS 1001 문단 82 (2-1),X
231,IS1,20180701,dart_GainsArisingFromDifferenceBetweenPreviousAmortisedCostAndFairValueOfFinancialAssetsReclassifiedOutOfAmortisedCostIntoFairValueThroughProfitOrLossMeasurementCategory,GainsArisingFromDifferenceBetweenPreviousAmortisedCostAndFairValueOfFinancialAssetsReclassifiedOutOfAmortisedCostIntoFairValueThroughProfitOrLossMeasurementCategory,상각후원가에서 당기손익-공정가치 측정 범주로 재분류된 금융자산의 상각후원가와 공정가치의 차이로 생기는 이익,Gains arising from difference between previous amortised cost and fair value of financial assets reclassified out of amortised cost into fair value through profit or loss measurement category,K-IFRS 1001 문단 82 (3-1),X
232,IS1,20180701,dart_CumulativeGainPreviouslyRecognisedInOtherComprehensiveIncomeArisingFromReclassificationOfFinancialAssetsOutOfFairValueThroughOtherComprehensiveIncomeIntoFairValueThroughProfitOrLossMeasurementCategory,CumulativeGainPreviouslyRecognisedInOtherComprehensiveIncomeArisingFromReclassificationOfFinancialAssetsOutOfFairValueThroughOtherComprehensiveIncomeIntoFairValueThroughProfitOrLossMeasurementCategory,기타포괄손익-공정가치에서 당기손익-공정가치 측정 금융자산으로 재분류시 기타포괄손익누적액 중 당기손익으로 재분류되는 이익,Cumulative gain previously recognised in other comprehensive income arising from reclassification of financial assets out of fair value through other comprehensive income into fair value through profit or loss measurement category,K-IFRS 1001 문단 82 (3-2),X
233,IS1,20180701,dart_HedgingGainsForHedgeOfGroupOfItemsWithOffsettingRiskPositions,HedgingGainsForHedgeOfGroupOfItemsWithOffsettingRiskPositions,순포지션 위험회피이익,Hedging gains for hedge of group of items with offsetting risk positions,K-IFRS 1107 문단 24C (2)(바),X
234,IS1,20180701,dart_MiscellaneousIncome,MiscellaneousIncome,잡이익,Miscellaneous Income,"K-IFRS 1001 문단 103, K-IFRS 1001 문단 85, K-IFRS 1001 문단 86",X
235,IS1,20180701,dart_OtherLosses,OtherLosses,기타손실,Other losses,K-IFRS 1001 문단 103,(X)
236,IS1,20180701,dart_LossesOnValuationOfLongTermFinancialInstruments,LossesOnValuationOfLongTermFinancialInstruments,금융상품평가손실,Losses on valuation of long-term financial instruments,"K-IFRS 1001 문단 103, K-IFRS 1001 문단 85, K-IFRS 1001 문단 86",X
237,IS1,20180701,dart_LossesOnDisposalsOfPropertyPlantAndEquipment,LossesOnDisposalsOfPropertyPlantAndEquipment,유형자산처분손실,"Losses on disposals of property, plant and equipment","K-IFRS 1001 문단 103, K-IFRS 1001 문단 85, K-IFRS 1001 문단 86",X
238,IS1,20180701,dart_WritedownsOfPropertyPlantAndEquipment,WritedownsOfPropertyPlantAndEquipment,유형자산손상차손,"Write-downs of property, plant and equipment","K-IFRS 1001 문단 103, K-IFRS 1001 문단 85, K-IFRS 1001 문단 86",X
239,IS1,20180701,dart_LossesOnDisposalOfIntangibleAssets,LossesOnDisposalOfIntangibleAssets,무형자산처분손실,Losses on disposal of intangible assets,"K-IFRS 1001 문단 103, K-IFRS 1001 문단 85, K-IFRS 1001 문단 86",X
240,IS1,20180701,dart_ImpairmentLossesOnIntangibleAssets,ImpairmentLossesOnIntangibleAssets,무형자산손상차손,Impairment losses on intangible assets,"K-IFRS 1001 문단 103, K-IFRS 1001 문단 85, K-IFRS 1001 문단 86",X
241,IS1,20180701,dart_LossesOnDisposalOfHeldForTradingFinancialAssets,LossesOnDisposalOfHeldForTradingFinancialAssets,단기매매금융자산처분손실,Losses on disposal of held for trading financial assets,"K-IFRS 1001 문단 103, K-IFRS 1001 문단 85, K-IFRS 1001 문단 86, K-IFRS 1107 문단 20",X
242,IS1,20180701,dart_LossesOnValuationOfHeldForTradingFinancialAssets,LossesOnValuationOfHeldForTradingFinancialAssets,단기매매금융자산평가손실,Losses on valuation of held for trading financial assets,"K-IFRS 1001 문단 103, K-IFRS 1001 문단 85, K-IFRS 1001 문단 86, K-IFRS 1107 문단 20",X
243,IS1,20180701,dart_LossesOnDisposalOfFairValueFinancialLiabilities,LossesOnDisposalOfFairValueFinancialLiabilities,당기손익인식금융부채처분손실,Losses on disposal of fair value financial liabilities,"K-IFRS 1001 문단 103, K-IFRS 1001 문단 85, K-IFRS 1001 문단 86, K-IFRS 1107 문단 20",X
244,IS1,20180701,dart_LossesOnValuationOfFairValueFinancialLiabilities,LossesOnValuationOfFairValueFinancialLiabilities,당기손익인식금융부채평가손실,Losses on valuation of fair value financial liabilities,"K-IFRS 1001 문단 103, K-IFRS 1001 문단 85, K-IFRS 1001 문단 86, K-IFRS 1107 문단 20",X
245,IS1,20180701,dart_LossesOnDisposalOfFairValueFinancialAsset,LossesOnDisposalOfFairValueFinancialAsset,당기손익인식금융자산처분손실,Losses on disposal of fair value financial asset,"K-IFRS 1001 문단 103, K-IFRS 1001 문단 85, K-IFRS 1001 문단 86, K-IFRS 1107 문단 20",X
246,IS1,20180701,dart_LossesOnValuationOfFairValueFinancialAsset,LossesOnValuationOfFairValueFinancialAsset,당기손익인식금융자산평가손실,Losses on valuation of fair value financial asset,"K-IFRS 1001 문단 103, K-IFRS 1001 문단 85, K-IFRS 1001 문단 86, K-IFRS 1107 문단 20",X
247,IS1,20180701,dart_ImpairmentLossesOnAvailableForSaleFinancialAssets,ImpairmentLossesOnAvailableForSaleFinancialAssets,매도가능금융자산손상차손,Impairment losses on available for sale financial assets,"K-IFRS 1001 문단 103, K-IFRS 1001 문단 85, K-IFRS 1001 문단 86, K-IFRS 1107 문단 20",X
248,IS1,20180701,dart_LossesOnDisposalOfAvailableForSaleFinancialAssets,LossesOnDisposalOfAvailableForSaleFinancialAssets,매도가능금융자산처분손실,Losses on disposal of available for sale financial assets,"K-IFRS 1001 문단 103, K-IFRS 1001 문단 85, K-IFRS 1001 문단 86, K-IFRS 1107 문단 20",X
249,IS1,20180701,dart_ImpairmentLossesOnInvestmentProperty,ImpairmentLossesOnInvestmentProperty,투자부동산손상차손,Impairment losses on investment property,"K-IFRS 1001 문단 103, K-IFRS 1001 문단 85, K-IFRS 1001 문단 86",X
250,IS1,20180701,dart_LossesOnDisposalOfInvestmentProperty,LossesOnDisposalOfInvestmentProperty,투자부동산처분손실,Losses on disposal of investment property,"K-IFRS 1001 문단 103, K-IFRS 1001 문단 85, K-IFRS 1001 문단 86",X
251,IS1,20180701,dart_LossesOnValuationOfInvestmentProperty,LossesOnValuationOfInvestmentProperty,투자부동산평가손실,Losses on valuation of investment property,"K-IFRS 1001 문단 103, K-IFRS 1001 문단 85, K-IFRS 1001 문단 86",X
252,IS1,20180701,dart_LossesOnValuationOfInvestmentAssets,LossesOnValuationOfInvestmentAssets,투자자산평가손실,Losses on valuation of investment assets,"K-IFRS 1001 문단 103, K-IFRS 1001 문단 85, K-IFRS 1001 문단 86",X
253,IS1,20180701,dart_LossesOnDisposalsOfInvestments,LossesOnDisposalsOfInvestments,투자자산처분손실,Losses on disposals of investments,"K-IFRS 1001 문단 103, K-IFRS 1001 문단 85, K-IFRS 1001 문단 86",X
254,IS1,20180701,dart_LossesOnDispositionOfReceivables,LossesOnDispositionOfReceivables,매출채권처분손실,Losses on disposition of receivables,"K-IFRS 1001 문단 103, K-IFRS 1001 문단 85, K-IFRS 1001 문단 86",X
255,IS1,20180701,dart_LossesOnDisposalsOfOtherNonCurrentAssets,LossesOnDisposalsOfOtherNonCurrentAssets,기타비유동자산처분손실,Losses on disposals of other non-current assets,"K-IFRS 1001 문단 103, K-IFRS 1001 문단 85, K-IFRS 1001 문단 86",X
256,IS1,20180701,dart_LossesOnDisposalOfNonCurrentAssetsOrDisposalGroupsClassifiedAsHeldForSale,LossesOnDisposalOfNonCurrentAssetsOrDisposalGroupsClassifiedAsHeldForSale,매각예정자산처분손실,Losses on disposal of non-current assets or disposal groups classified as held for sale,"K-IFRS 1001 문단 103, K-IFRS 1001 문단 85, K-IFRS 1001 문단 86",X
257,IS1,20180701,dart_LossesFromGovernmentGrants,LossesFromGovernmentGrants,정부보조금으로 인한 손실,Losses from government grants,"K-IFRS 1001 문단 103, K-IFRS 1001 문단 85, K-IFRS 1001 문단 86",X
258,IS1,20180701,dart_LossesOfAssociatesAndJointVenturesAccountedForUsingEquityMethod,LossesOfAssociatesAndJointVenturesAccountedForUsingEquityMethod,지분법손실,Losses of associates and joint ventures accounted for using equity method,"K-IFRS 1001 문단 103, K-IFRS 1001 문단 82",X
259,IS1,20180701,dart_LossesOnSaleOfInvestmentAccountedForUsingEquityMethod,LossesOnSaleOfInvestmentAccountedForUsingEquityMethod,지분법투자주식처분손실,Losses on sale of investment accounted for using equity method,"K-IFRS 1001 문단 103, K-IFRS 1001 문단 85, K-IFRS 1001 문단 86",X
260,IS1,20180701,dart_ImpairmentLossesOnAssociates,ImpairmentLossesOnAssociates,관계기업/공동기업투자손상차손,Impairment losses on associates,"K-IFRS 1001 문단 103, K-IFRS 1001 문단 85, K-IFRS 1001 문단 86",X
261,IS1,20180701,dart_LossesOnSaleOfInvestmentsInAssociates,LossesOnSaleOfInvestmentsInAssociates,관계기업/공동기업투자처분손실,Losses on sale of investments in associates,"K-IFRS 1001 문단 103, K-IFRS 1001 문단 85, K-IFRS 1001 문단 86",X
262,IS1,20180701,dart_LossesOnSaleOfInvestmentsInSubsidiaries,LossesOnSaleOfInvestmentsInSubsidiaries,종속기업투자주식처분손실,Losses on sale of investments in subsidiaries,"K-IFRS 1001 문단 103, K-IFRS 1001 문단 85, K-IFRS 1001 문단 86",X
263,IS1,20180701,ifrs_ExpenseOfRestructuringActivities,ExpenseOfRestructuringActivities,구조조정충당부채전입액,Expense of restructuring activities,"K-IFRS 1001 문단 103, K-IFRS 1001 문단 85, K-IFRS 1001 문단 86",X
264,IS1,20180701,dart_ExpensOfProvisionsForProductWarranties,ExpensOfProvisionsForProductWarranties,판매보증충당부채전입액,Expens of provisions for product warranties,"K-IFRS 1001 문단 103, K-IFRS 1001 문단 85, K-IFRS 1001 문단 86",X
265,IS1,20180701,dart_ExpenseOfProvisionForConstructionWarranty,ExpenseOfProvisionForConstructionWarranty,하자보수충당부채전입액,Expense of provision for construction warranty,"K-IFRS 1001 문단 103, K-IFRS 1001 문단 85, K-IFRS 1001 문단 86",X
266,IS1,20180701,dart_ExpensesOfProvisionsForReturnedGoods,ExpensesOfProvisionsForReturnedGoods,반품충당부채전입액,Expenses of provisions for returned goods,"K-IFRS 1001 문단 103, K-IFRS 1001 문단 85, K-IFRS 1001 문단 86",X
267,IS1,20180701,dart_ExpenseOfProvisionForConstructionLosses,ExpenseOfProvisionForConstructionLosses,공사손실충당부채전입액,Expense of provision for construction losses,"K-IFRS 1001 문단 103, K-IFRS 1001 문단 85, K-IFRS 1001 문단 86",X
268,IS1,20180701,dart_ExpenseOfWarrantyProvision,ExpenseOfWarrantyProvision,제품보증충당부채전입액,Expense of warranty provision,"K-IFRS 1001 문단 103, K-IFRS 1001 문단 85, K-IFRS 1001 문단 86",X
269,IS1,20180701,dart_ExpenseOfLegalProceedingsProvision,ExpenseOfLegalProceedingsProvision,법적소송충당부채전입액,Expense of legal proceedings provision,"K-IFRS 1001 문단 103, K-IFRS 1001 문단 85, K-IFRS 1001 문단 86",X
270,IS1,20180701,dart_ExpenseOfOnerousContractsProvision,ExpenseOfOnerousContractsProvision,손실부담계약충당부채전입액,Expense of onerous contracts provision,"K-IFRS 1001 문단 103, K-IFRS 1001 문단 85, K-IFRS 1001 문단 86",X
271,IS1,20180701,dart_TransferToRserveForLossFromCompensationOfDamage,TransferToRserveForLossFromCompensationOfDamage,손해배상충당부채전입액,Transfer to rserve for loss from compensation of damage,"K-IFRS 1001 문단 103, K-IFRS 1001 문단 85, K-IFRS 1001 문단 86",X
272,IS1,20180701,dart_CompensationForDamage,CompensationForDamage,손해배상금,Compensation for damage,"K-IFRS 1001 문단 103, K-IFRS 1001 문단 85, K-IFRS 1001 문단 86",X
273,IS1,20180701,dart_OtherExpenseOfProvisions,OtherExpenseOfProvisions,기타충당부채의 전입액,Other expense of provisions,"K-IFRS 1001 문단 103, K-IFRS 1001 문단 85, K-IFRS 1001 문단 86",X
274,IS1,20180701,dart_WritedownsOfInventories,WritedownsOfInventories,재고자산평가손실,Write-downs of inventories,"K-IFRS 1001 문단 103, K-IFRS 1001 문단 85, K-IFRS 1001 문단 86",X
275,IS1,20180701,dart_AllowanceForOtherDoubtfulAccounts,AllowanceForOtherDoubtfulAccounts,기타의대손상각비,Allowance for other doubtful accounts,"K-IFRS 1001 문단 103, K-IFRS 1001 문단 85, K-IFRS 1001 문단 86",X
276,IS1,20180701,dart_LossesFromRedemptionOfBonds,LossesFromRedemptionOfBonds,사채상환손실,Losses from redemption of bonds,"K-IFRS 1001 문단 103, K-IFRS 1001 문단 85, K-IFRS 1001 문단 86",X
277,IS1,20180701,dart_LossesOnExemptionOfDebts,LossesOnExemptionOfDebts,채무면제손실,Losses on exemption of debts,"K-IFRS 1001 문단 103, K-IFRS 1001 문단 85, K-IFRS 1001 문단 86",X
278,IS1,20180701,dart_LossesOnFuturesTransaction,LossesOnFuturesTransaction,선물거래손실,Losses on futures transaction,"K-IFRS 1001 문단 103, K-IFRS 1001 문단 85, K-IFRS 1001 문단 86",X
279,IS1,20180701,dart_LossesOnTransactionOfForeignExchangeForward,LossesOnTransactionOfForeignExchangeForward,통화선도거래손실,Losses on transaction of foreign exchange forward,"K-IFRS 1001 문단 103, K-IFRS 1001 문단 85, K-IFRS 1001 문단 86",X
280,IS1,20180701,dart_LossesOnValuationOfForeignExchangeForward,LossesOnValuationOfForeignExchangeForward,통화선도평가손실,Losses on valuation of foreign exchange forward,"K-IFRS 1001 문단 103, K-IFRS 1001 문단 85, K-IFRS 1001 문단 86",X
281,IS1,20180701,dart_LossesOnTransactionOfDerivativeFinancialInstrument,LossesOnTransactionOfDerivativeFinancialInstrument,파생금융상품거래손실,Losses on transaction of derivative financial instrument,"K-IFRS 1001 문단 103, K-IFRS 1001 문단 85, K-IFRS 1001 문단 86",X
282,IS1,20180701,dart_LossesOnValuationOfDerivativeFinancialInstrument,LossesOnValuationOfDerivativeFinancialInstrument,파생금융상품평가손실,Losses on valuation of derivative financial instrument,"K-IFRS 1001 문단 103, K-IFRS 1001 문단 85, K-IFRS 1001 문단 86",X
283,IS1,20180701,dart_LossArisingFromDifferenceBetweenCarryingAmountOfFinancialLiabilityExtinguishedAndConsiderationPaid,LossArisingFromDifferenceBetweenCarryingAmountOfFinancialLiabilityExtinguishedAndConsiderationPaid,소멸된 금융부채의 장부금액과 지급된 금액 사이의 차이에서 발생한 손실,Loss arising from difference between carrying amount of financial liability extinguished and consideration paid,"K-IFRS 1001 문단 103, K-IFRS 1001 문단 85, K-IFRS 1001 문단 86, K-IFRS 1107 문단 20",X
284,IS1,20180701,dart_LossesOnLitigationSettlements,LossesOnLitigationSettlements,소송사건의 비용,Losses on litigation settlements,"K-IFRS 1001 문단 103, K-IFRS 1001 문단 85, K-IFRS 1001 문단 86",X
285,IS1,20180701,dart_Donations,Donations,기부금,Donations,"K-IFRS 1001 문단 103, K-IFRS 1001 문단 85, K-IFRS 1001 문단 86",X
286,IS1,20180701,dart_LossOnForeignExchangeTranslations,LossOnForeignExchangeTranslations,외화환산손실,Loss on foreign exchange translations,"K-IFRS 1001 문단 103, K-IFRS 1001 문단 85, K-IFRS 1001 문단 86",X
287,IS1,20180701,dart_LossesForeignCurrencyTransactions,LossesForeignCurrencyTransactions,외환차손,Losses Foreign Currency Transactions,"K-IFRS 1001 문단 103, K-IFRS 1001 문단 85, K-IFRS 1001 문단 86",X
288,IS1,20180701,dart_ImpairmentLossDeterminedInAccordanceWithIFRS9,ImpairmentLossDeterminedInAccordanceWithIFRS9,K-IFRS 1109에 따라 결정된 손상차손,Impairment loss determined in accordance with IFRS 9,K-IFRS 1001 문단 82 (2-1),X
289,IS1,20180701,dart_LossesArisingFromDifferenceBetweenPreviousAmortisedCostAndFairValueOfFinancialAssetsReclassifiedOutOfAmortisedCostIntoFairValueThroughProfitOrLossMeasurementCategory,LossesArisingFromDifferenceBetweenPreviousAmortisedCostAndFairValueOfFinancialAssetsReclassifiedOutOfAmortisedCostIntoFairValueThroughProfitOrLossMeasurementCategory,상각후원가에서 당기손익-공정가치 측정 범주로 재분류된 금융자산의 상각후원가와 공정가치의 차이로 생기는 손실,Losses arising from difference between previous amortised cost and fair value of financial assets reclassified out of amortised cost into fair value through profit or loss measurement category,K-IFRS 1001 문단 82 (3-1),X
290,IS1,20180701,dart_CumulativeLossPreviouslyRecognisedInOtherComprehensiveIncomeArisingFromReclassificationOfFinancialAssetsOutOfFairValueThroughOtherComprehensiveIncomeIntoFairValueThroughProfitOrLossMeasurementCategory,CumulativeLossPreviouslyRecognisedInOtherComprehensiveIncomeArisingFromReclassificationOfFinancialAssetsOutOfFairValueThroughOtherComprehensiveIncomeIntoFairValueThroughProfitOrLossMeasurementCategory,기타포괄손익-공정가치에서 당기손익-공정가치 측정 금융자산으로 재분류시 기타포괄손익누적액 중 당기손익으로 재분류되는 손실,Cumulative loss previously recognised in other comprehensive income arising from reclassification of financial assets out of fair value through other comprehensive income into fair value through profit or loss measurement category,K-IFRS 1001 문단 82 (3-2),X
291,IS1,20180701,dart_HedgingLossesForHedgeOfGroupOfItemsWithOffsettingRiskPositions,HedgingLossesForHedgeOfGroupOfItemsWithOffsettingRiskPositions,순포지션 위험회피손실,Hedging losses for hedge of group of items with offsetting risk positions,K-IFRS 1107 문단 24C (2)(바),X
292,IS1,20180701,dart_MiscellaneousLosses,MiscellaneousLosses,잡손실,Miscellaneous Losses,"K-IFRS 1001 문단 103, K-IFRS 1001 문단 85, K-IFRS 1001 문단 86",X
293,IS1,20180701,ifrs_FinanceIncome,FinanceIncome,금융수익,Finance income,"K-IFRS 1001 문단 103, K-IFRS 1001 문단 85, K-IFRS 1001 문단 86",X
294,IS1,20180701,dart_InterestIncomeFinanceIncome,InterestIncomeFinanceIncome,이자수익,Interest income,"K-IFRS 1001 문단 103, K-IFRS 1001 문단 85, K-IFRS 1001 문단 86",X
295,IS1,20180701,dart_GainsOnSaleOfInvestmentsInAssociatesFinancialIncome,GainsOnSaleOfInvestmentsInAssociatesFinancialIncome,관계기업/공동기업투자처분이익(금융수익),Gains on sale of investments in associates financial income,"K-IFRS 1001 문단 103, K-IFRS 1001 문단 85, K-IFRS 1001 문단 86",X
296,IS1,20180701,dart_GainsFromFinancialGuaranteeFinancialIncome,GainsFromFinancialGuaranteeFinancialIncome,금융보증(계약)수익,Gains from financial guarantee financial income,"K-IFRS 1001 문단 103, K-IFRS 1001 문단 85, K-IFRS 1001 문단 86",X
297,IS1,20180701,dart_OtherFinancialIncome,OtherFinancialIncome,기타금융수익,Other financial income,"K-IFRS 1001 문단 103, K-IFRS 1001 문단 85, K-IFRS 1001 문단 86",X
298,IS1,20180701,dart_GainsOnDisposalsOfShortTermFinancialInstrumentsFinancialIncome,GainsOnDisposalsOfShortTermFinancialInstrumentsFinancialIncome,단기금융상품처분이익(금융수익),Gains on disposals of short-term financial instruments financial income,"K-IFRS 1001 문단 103, K-IFRS 1001 문단 85, K-IFRS 1001 문단 86, K-IFRS 1107 문단 20",X
299,IS1,20180701,dart_GainsOnValuationOfShortTermFinancialInstrumentsFinancialIncome,GainsOnValuationOfShortTermFinancialInstrumentsFinancialIncome,단기금융상품평가이익(금융수익),Gains on valuation of short-term financial instruments financial income,"K-IFRS 1001 문단 103, K-IFRS 1001 문단 85, K-IFRS 1001 문단 86, K-IFRS 1107 문단 20",X
300,IS1,20180701,dart_GainsOnDisposalsOfHeldForTradingFinancialAssetsFinancialIncome,GainsOnDisposalsOfHeldForTradingFinancialAssetsFinancialIncome,단기매매금융자산처분이익(금융수익),Gains on disposals of held for trading financial assets financial income,"K-IFRS 1001 문단 103, K-IFRS 1001 문단 85, K-IFRS 1001 문단 86, K-IFRS 1107 문단 20",X
301,IS1,20180701,dart_GainsOnValuationOfHeldForTradingFinancialAssetsFinancialIncome,GainsOnValuationOfHeldForTradingFinancialAssetsFinancialIncome,단기매매금융자산평가이익(금융수익),Gains on valuation of held for trading financial assets financial income,"K-IFRS 1001 문단 103, K-IFRS 1001 문단 85, K-IFRS 1001 문단 86, K-IFRS 1107 문단 20",X
302,IS1,20180701,dart_GainsOnValuationOfShortTermInvestmentAssetsFinancialIncome,GainsOnValuationOfShortTermInvestmentAssetsFinancialIncome,단기투자자산평가이익(금융수익),Gains on valuation of short-term investment assets financial income,"K-IFRS 1001 문단 103, K-IFRS 1001 문단 85, K-IFRS 1001 문단 86, K-IFRS 1107 문단 20",X
303,IS1,20180701,dart_GainsOnDisposalsOfFairValueFinancialAssetFinancialIncome,GainsOnDisposalsOfFairValueFinancialAssetFinancialIncome,당기손익인식금융자산처분이익(금융수익),Gains on disposals of fair value financial asset financial income,"K-IFRS 1001 문단 103, K-IFRS 1001 문단 85, K-IFRS 1001 문단 86, K-IFRS 1107 문단 20",X
304,IS1,20180701,dart_GainsOnValuationOfFairValueFinancialAssetFinancialIncome,GainsOnValuationOfFairValueFinancialAssetFinancialIncome,당기손익인식금융자산평가이익(금융수익),Gains on valuation of fair value financial asset financial income,"K-IFRS 1001 문단 103, K-IFRS 1001 문단 85, K-IFRS 1001 문단 86, K-IFRS 1107 문단 20",X
305,IS1,20180701,dart_ReversalsOfImpairmentLossesOnAvailableForSaleFinancialAssetsFinancialIncome,ReversalsOfImpairmentLossesOnAvailableForSaleFinancialAssetsFinancialIncome,매도가능금융자산손상차손환입(금융수익),Reversals of impairment losses on available for sale financial assets financial income,"K-IFRS 1001 문단 103, K-IFRS 1001 문단 85, K-IFRS 1001 문단 86, K-IFRS 1107 문단 20",X
306,IS1,20180701,dart_GainsOnDisposalsOfAvailableForSaleFinancialAssetsFinancialIncome,GainsOnDisposalsOfAvailableForSaleFinancialAssetsFinancialIncome,매도가능금융자산처분이익(금융수익),Gains on disposals of available for sale financial assets financial income,"K-IFRS 1001 문단 103, K-IFRS 1001 문단 85, K-IFRS 1001 문단 86, K-IFRS 1107 문단 20",X
307,IS1,20180701,dart_DividendIncome,DividendIncome,배당금수익(금융수익),Dividend Income,"K-IFRS 1001 문단 103, K-IFRS 1001 문단 85, K-IFRS 1001 문단 86",X
308,IS1,20180701,dart_GainsFromRedemptionOfBondsFinancialIncome,GainsFromRedemptionOfBondsFinancialIncome,사채상환이익(금융수익),Gains from redemption of bonds financial income,"K-IFRS 1001 문단 103, K-IFRS 1001 문단 85, K-IFRS 1001 문단 86, K-IFRS 1107 문단 20",X
309,IS1,20180701,dart_GainsOnForeignExchangeTranslationsFinancialIncome,GainsOnForeignExchangeTranslationsFinancialIncome,외화환산이익(금융수익),Gains on foreign exchange translations financial income,"K-IFRS 1001 문단 103, K-IFRS 1001 문단 85, K-IFRS 1001 문단 86",X
310,IS1,20180701,dart_GainsOnForeignCurrencyTransactionsFiancialIncome,GainsOnForeignCurrencyTransactionsFiancialIncome,외환차익(금융수익),Gains on foreign currency transactions fiancial income,"K-IFRS 1001 문단 103, K-IFRS 1001 문단 85, K-IFRS 1001 문단 86",X
311,IS1,20180701,dart_GainsOnExemptionOfDebtsFinancialIncome,GainsOnExemptionOfDebtsFinancialIncome,채무면제이익(금융수익),Gains on exemption of debts financial income,"K-IFRS 1001 문단 103, K-IFRS 1001 문단 85, K-IFRS 1001 문단 86, K-IFRS 1107 문단 20",X
312,IS1,20180701,dart_GainsOnAdjustmentOfDebtsFinancialIncome,GainsOnAdjustmentOfDebtsFinancialIncome,채무조정이익(금융수익),Gains on adjustment of debts financial income,"K-IFRS 1001 문단 103, K-IFRS 1001 문단 85, K-IFRS 1001 문단 86, K-IFRS 1107 문단 20",X
313,IS1,20180701,dart_GainsOnTransactionOfForeignExchangeForwardFinancialIncome,GainsOnTransactionOfForeignExchangeForwardFinancialIncome,통화선도거래이익(금융수익),Gains on transaction of foreign exchange forward financial income,"K-IFRS 1001 문단 103, K-IFRS 1001 문단 85, K-IFRS 1001 문단 86, K-IFRS 1107 문단 20",X
314,IS1,20180701,dart_GainsOnValuationOfForeignExchangeForwardFinancialIncome,GainsOnValuationOfForeignExchangeForwardFinancialIncome,통화선도평가이익(금융수익),Gains on valuation of foreign exchange forward financial income,"K-IFRS 1001 문단 103, K-IFRS 1001 문단 85, K-IFRS 1001 문단 86, K-IFRS 1107 문단 20",X
315,IS1,20180701,dart_GainsOnTransactionOfDerivativeFinancialInstrumentsFinancialIncome,GainsOnTransactionOfDerivativeFinancialInstrumentsFinancialIncome,파생상품거래이익(금융수익),Gains on transaction of derivative financial instruments financial income,"K-IFRS 1001 문단 103, K-IFRS 1001 문단 85, K-IFRS 1001 문단 86, K-IFRS 1107 문단 20",X
316,IS1,20180701,dart_GainsOnValuationOfDerivativeLiabilitiesFinancialIncome,GainsOnValuationOfDerivativeLiabilitiesFinancialIncome,파생부채평가이익(금융수익),Gains on valuation of derivative liabilities financial income,"K-IFRS 1001 문단 103, K-IFRS 1001 문단 85, K-IFRS 1001 문단 86, K-IFRS 1107 문단 20",X
317,IS1,20180701,dart_GainsOnValuationOfDerivativeFinancialInstrumentsFinancialIncome,GainsOnValuationOfDerivativeFinancialInstrumentsFinancialIncome,파생상품평가이익(금융수익),Gains on valuation of derivative financial instruments financial income,"K-IFRS 1001 문단 103, K-IFRS 1001 문단 85, K-IFRS 1001 문단 86, K-IFRS 1107 문단 20",X
318,IS1,20180701,ifrs_FinanceCosts,FinanceCosts,금융원가,Finance costs,"K-IFRS 1001 문단 103, K-IFRS 1001 문단 82",(X)
319,IS1,20180701,dart_InterestExpenseFinanceExpense,InterestExpenseFinanceExpense,이자비용,Interest expense,"K-IFRS 1001 문단 103, K-IFRS 1001 문단 85, K-IFRS 1001 문단 86",X
320,IS1,20180701,dart_LossesFromFinancialGuaranteeFinanceExpense,LossesFromFinancialGuaranteeFinanceExpense,금융보증비용(손실),Losses from financial guarantee finance expense,"K-IFRS 1001 문단 103, K-IFRS 1001 문단 85, K-IFRS 1001 문단 86",X
321,IS1,20180701,dart_FinancialCommissions,FinancialCommissions,금융지급수수료,Financial commissions,"K-IFRS 1001 문단 103, K-IFRS 1001 문단 85, K-IFRS 1001 문단 86",X
322,IS1,20180701,dart_OtherFinancialExpenses,OtherFinancialExpenses,기타금융비용,Other financial expenses,"K-IFRS 1001 문단 103, K-IFRS 1001 문단 85, K-IFRS 1001 문단 86",X
323,IS1,20180701,dart_LossesOnDisposalsOfHeldForTradingFinancialAssetsFinancialExpense,LossesOnDisposalsOfHeldForTradingFinancialAssetsFinancialExpense,단기매매금융자산처분손실(금융원가),Losses on disposals of held for trading financial assets financial expense,"K-IFRS 1001 문단 103, K-IFRS 1001 문단 85, K-IFRS 1001 문단 86, K-IFRS 1107 문단 20",X
324,IS1,20180701,dart_LossesOnValuationOfHeldForTradingFinancialAssetsFinancialExpense,LossesOnValuationOfHeldForTradingFinancialAssetsFinancialExpense,단기매매금융자산평가손실(금융원가),Losses on valuation of held for trading financial assets financial expense,"K-IFRS 1001 문단 103, K-IFRS 1001 문단 85, K-IFRS 1001 문단 86, K-IFRS 1107 문단 20",X
325,IS1,20180701,dart_LossesOnDisposalsOfShortTermInvestmentAssetsFinancialExpense,LossesOnDisposalsOfShortTermInvestmentAssetsFinancialExpense,단기투자자산처분손실(금융원가),Losses on disposals of short-term investment assets financial expense,"K-IFRS 1001 문단 103, K-IFRS 1001 문단 85, K-IFRS 1001 문단 86, K-IFRS 1107 문단 20",X
326,IS1,20180701,dart_LossesOnValuationOfShortTermInvestmentAssetsFinancialExpense,LossesOnValuationOfShortTermInvestmentAssetsFinancialExpense,단기투자자산평가손실(금융원가),Losses on valuation of short-term investment assets financial expense,"K-IFRS 1001 문단 103, K-IFRS 1001 문단 85, K-IFRS 1001 문단 86, K-IFRS 1107 문단 20",X
327,IS1,20180701,dart_LossesOnDisposalsOfFairValueFinancialAssetFinancialExpense,LossesOnDisposalsOfFairValueFinancialAssetFinancialExpense,당기손익인식금융자산처분손실(금융원가),Losses on disposals of fair value financial asset financial expense,"K-IFRS 1001 문단 103, K-IFRS 1001 문단 85, K-IFRS 1001 문단 86, K-IFRS 1107 문단 20",X
328,IS1,20180701,dart_LossesOnValuationOfFairValueFinancialAssetFinancialExpense,LossesOnValuationOfFairValueFinancialAssetFinancialExpense,당기손익인식금융자산평가손실(금융원가),Losses on valuation of fair value financial asset financial expense,"K-IFRS 1001 문단 103, K-IFRS 1001 문단 85, K-IFRS 1001 문단 86, K-IFRS 1107 문단 20",X
329,IS1,20180701,dart_ImpairmentLossesOnAvailableForSaleFinancialAssetsFinancialExpense,ImpairmentLossesOnAvailableForSaleFinancialAssetsFinancialExpense,매도가능금융자산손상차손(금융원가),Impairment losses on available for sale financial assets financial expense,"K-IFRS 1001 문단 103, K-IFRS 1001 문단 85, K-IFRS 1001 문단 86, K-IFRS 1107 문단 20",X
330,IS1,20180701,dart_LossesOnDisposalsOfAvailableForSaleFinancialAssetsFinancialExpense,LossesOnDisposalsOfAvailableForSaleFinancialAssetsFinancialExpense,매도가능금융자산처분손실(금융원가),Losses on disposals of available for sale financial assets financial expense,"K-IFRS 1001 문단 103, K-IFRS 1001 문단 85, K-IFRS 1001 문단 86, K-IFRS 1107 문단 20",X
331,IS1,20180701,dart_LossesOnDispositionOfReceivablesFinancialExpense,LossesOnDispositionOfReceivablesFinancialExpense,매출채권처분손실(금융원가),Losses on disposition of receivables financial expense,"K-IFRS 1001 문단 103, K-IFRS 1001 문단 85, K-IFRS 1001 문단 86",X
332,IS1,20180701,dart_FinancialGuaranteeFinancialExpense,FinancialGuaranteeFinancialExpense,보증료(금융원가),Financial guarantee financial expense,"K-IFRS 1001 문단 103, K-IFRS 1001 문단 85, K-IFRS 1001 문단 86",X
333,IS1,20180701,dart_LossesFromRedemptionOfBondsFinancialExpense,LossesFromRedemptionOfBondsFinancialExpense,사채상환손실(금융원가),Losses from redemption of bonds financial expense,"K-IFRS 1001 문단 103, K-IFRS 1001 문단 85, K-IFRS 1001 문단 86, K-IFRS 1107 문단 20",X
334,IS1,20180701,dart_LossesFromAdjustmentOfBondsFinancialExpense,LossesFromAdjustmentOfBondsFinancialExpense,사채조정손실(금융원가),Losses from adjustment of bonds financial expense,"K-IFRS 1001 문단 103, K-IFRS 1001 문단 85, K-IFRS 1001 문단 86, K-IFRS 1107 문단 20",X
335,IS1,20180701,dart_LossesOnForeignExchangeTranslationsFinancialExpense,LossesOnForeignExchangeTranslationsFinancialExpense,외화환산손실(금융원가),Losses on foreign exchange translations financial expense,"K-IFRS 1001 문단 103, K-IFRS 1001 문단 85, K-IFRS 1001 문단 86",X
336,IS1,20180701,dart_LossesOnForeignCurrencyTransactionsFiancialExpense,LossesOnForeignCurrencyTransactionsFiancialExpense,외환차손(금융원가),Losses on foreign currency transactions fiancial expense,"K-IFRS 1001 문단 103, K-IFRS 1001 문단 85, K-IFRS 1001 문단 86",X
337,IS1,20180701,dart_LossesOnTransactionOfForeignExchangeForwardFinancialExpense,LossesOnTransactionOfForeignExchangeForwardFinancialExpense,통화선도거래손실(금융원가),Losses on transaction of foreign exchange forward financial expense,"K-IFRS 1001 문단 103, K-IFRS 1001 문단 85, K-IFRS 1001 문단 86, K-IFRS 1107 문단 20",X
338,IS1,20180701,dart_LossesOnValuationOfForeignExchangeForwardFiancialExpense,LossesOnValuationOfForeignExchangeForwardFiancialExpense,통화선도평가손실(금융원가),Losses on valuation of foreign exchange forward fiancial expense,"K-IFRS 1001 문단 103, K-IFRS 1001 문단 85, K-IFRS 1001 문단 86, K-IFRS 1107 문단 20",X
339,IS1,20180701,dart_LossesOnTransactionOfDerivativeFinancialInstrumentsFinancialExpense,LossesOnTransactionOfDerivativeFinancialInstrumentsFinancialExpense,파생상품거래손실(금융원가),Losses on transaction of derivative financial instruments financial expense,"K-IFRS 1001 문단 103, K-IFRS 1001 문단 85, K-IFRS 1001 문단 86, K-IFRS 1107 문단 20",X
340,IS1,20180701,dart_LossesOnValuationOfDerivativeFinancialInstrumentsFinancialExpense,LossesOnValuationOfDerivativeFinancialInstrumentsFinancialExpense,파생상품평가손실(금융원가),Losses on valuation of derivative financial instruments financial expense,"K-IFRS 1001 문단 103, K-IFRS 1001 문단 85, K-IFRS 1001 문단 86, K-IFRS 1107 문단 20",X
341,IS1,20180701,ifrs_GainsArisingFromDerecognitionOfFinancialAssetsMeasuredAtAmortisedCost,GainsArisingFromDerecognitionOfFinancialAssetsMeasuredAtAmortisedCost,상각후원가로 측정하는 금융자산의 제거로부터 발생한 이익,Gains arising from derecognition of financial assets measured at amortised cost,K-IFRS 1107 문단 20 (1),X
342,IS1,20180701,ifrs_LossesArisingFromDerecognitionOfFinancialAssetsMeasuredAtAmortisedCost,LossesArisingFromDerecognitionOfFinancialAssetsMeasuredAtAmortisedCost,상각후원가로 측정하는 금융자산의 제거로부터 발생한 손실,Losses arising from derecognition of financial assets measured at amortised cost,K-IFRS 1107 문단 20 (1),(X)
343,IS1,20180701,ifrs_DifferenceBetweenCarryingAmountOfNoncashAssetsDistributedAndCarryingAmountOfDividendsPayable,DifferenceBetweenCarryingAmountOfNoncashAssetsDistributedAndCarryingAmountOfDividendsPayable,분배할 비현금자산의 장부금액과 미지급배당금의 장부금액의 차이,Difference between carrying amount of non-cash assets distributed and carrying amount of dividends payable,"K-IFRS 2117 문단 15,",(X)
344,IS1,20180701,ifrs_GainsLossesOnNetMonetaryPosition,GainsLossesOnNetMonetaryPosition,순화폐성자산에 대한 이익(손실),Gains (losses) on net monetary position,"K-IFRS 1029 문단 9,",X
345,IS1,20180701,ifrs_GainsLossesArisingFromDifferenceBetweenPreviousCarryingAmountAndFairValueOfFinancialAssetsReclassifiedAsMeasuredAtFairValue,GainsLossesArisingFromDifferenceBetweenPreviousCarryingAmountAndFairValueOfFinancialAssetsReclassifiedAsMeasuredAtFairValue,공정가치로 측정된 재분류된 금융자산의 전기 장부금액과 공정가치의 차이로부터 발생한 이익(손실),Gains (losses) arising from difference between previous carrying amount and fair value of financial assets reclassified as measured at fair value,K-IFRS 1107 문단 20 (1),X
346,IS1,20180701,ifrs_ProfitLossBeforeTax,ProfitLossBeforeTax,법인세비용차감전순이익(손실),Profit (loss) before tax,"K-IFRS 1001 문단 102, 103",X
347,IS1,20180701,ifrs_IncomeTaxExpenseContinuingOperations,IncomeTaxExpenseContinuingOperations,법인세비용,Income tax expense,K-IFRS 1012 문단 79,(X)
348,IS1,20180701,ifrs_ProfitLossFromContinuingOperations,ProfitLossFromContinuingOperations,계속영업이익(손실),Profit (loss) from continuing operations,K-IFRS 1105 문단 33,X
349,IS1,20180701,ifrs_ProfitLossFromDiscontinuedOperations,ProfitLossFromDiscontinuedOperations,중단영업이익(손실),Profit (loss) from discontinued operations,K-IFRS 1105 문단 33,X
350,IS1,20180701,ifrs_ProfitLoss,ProfitLoss,당기순이익(손실),Profit (loss),K-IFRS 1001 문단 81A,
351,IS1,20180701,ifrs_ProfitLossAttributableToAbstract,ProfitLossAttributableToAbstract,당기순이익(손실)의 귀속 [abstract],"Profit (loss), attributable to [abstract]",K-IFRS 1001 문단 81B,
352,IS1,20180701,ifrs_ProfitLossAttributableToOwnersOfParent,ProfitLossAttributableToOwnersOfParent,지배기업의 소유주에게 귀속되는 당기순이익(손실),"Profit (loss), attributable to owners of parent",K-IFRS 1001 문단 81B,
353,IS1,20180701,ifrs_ProfitLossAttributableToNoncontrollingInterests,ProfitLossAttributableToNoncontrollingInterests,비지배지분에 귀속되는 당기순이익(손실),"Profit (loss), attributable to non-controlling interests",K-IFRS 1001 문단 81B,
354,IS1,20180701,ifrs_EarningsPerShareAbstract,EarningsPerShareAbstract,주당이익 [abstract],Earnings per share [abstract],K-IFRS 1033 문단 4,
355,IS1,20180701,ifrs_BasicEarningsLossPerShare,BasicEarningsLossPerShare,기본주당이익(손실),Basic earnings (loss) per share,K-IFRS 1033 문단 9,
356,IS1,20180701,ifrs_BasicEarningsLossPerShareFromContinuingOperations,BasicEarningsLossPerShareFromContinuingOperations,계속영업기본주당이익(손실),Basic earnings (loss) per share from continuing operations,K-IFRS 1033 문단 66,X
357,IS1,20180701,ifrs_BasicEarningsLossPerShareFromDiscontinuedOperations,BasicEarningsLossPerShareFromDiscontinuedOperations,중단영업기본주당이익(손실),Basic earnings (loss) per share from discontinued operations,K-IFRS 1033 문단 68,X
358,IS1,20180701,ifrs_DilutedEarningsLossPerShare,DilutedEarningsLossPerShare,희석주당이익(손실),Diluted earnings (loss) per share,K-IFRS 1033 문단 30,
359,IS1,20180701,ifrs_DilutedEarningsLossPerShareFromContinuingOperations,DilutedEarningsLossPerShareFromContinuingOperations,계속영업희석주당이익(손실),Diluted earnings (loss) per share from continuing operations,K-IFRS 1033 문단 66,X
360,IS1,20180701,ifrs_DilutedEarningsLossPerShareFromDiscontinuedOperations,DilutedEarningsLossPerShareFromDiscontinuedOperations,중단영업희석주당이익(손실),Diluted earnings (loss) per share from discontinued operations,K-IFRS 1033 문단 68,X
